순번,대분류,도서명,저자,발행처(출판사)
1,VIDEO,진짜진짜동물나라:아시아탐험DVD대체 마이크로코스모스,내셔널지오그래픽 키드비디오,미디아트
2,도서,"어디 있니, 까꿍!",구전 놀이 노래;다섯수레 편집부 편,다섯수레
3,VIDEO,밥더빌더-뚝딱뚝딱놀이터짓는날,,미라클상사
4,도서,아빠 뽀뽀,이진아 그림;이창호 사진,웅진출판
5,도서,딩동댕 우리집,이진아 그림;이창호 사진,웅진출판
6,도서,이상한과자가게,이케다아키코,비룡소
7,VIDEO,위씽기차여행-DVD,,제이와이북스
8,VIDEO,뛰뛰빵빵 발려라 버디,,씨포유엔터테인먼트
9,VIDEO,베이비니지어스,,비엠코리아
10,VIDEO,꾸러기상상여행1,,미라클상사
11,도서,베스트콤보스텝1마이대디,,문진미디어
12,도서,베스트콤보스텝2세트-from head to toe,,문진미디어
13,VIDEO,그림을그려줘루이3,,EBS교육방송
14,VIDEO,아기돼지삼형제,,미래정보미디어
15,VIDEO,안아줘요!무무,,EBS교육방송
16,VIDEO,베이비아인슈타인-베이비갈릴레오(아기과학자),,월트디즈니
17,VIDEO,베이비아인슈타인-베이비넵튠(아기물놀이),,월트디즈니
18,VIDEO,위씽노래하는집-DVD,,제이와이북스
19,VIDEO,위씽마더구스-DVD,,제이와이북스
20,도서,풍부한 상상력을 길러 주는 이야기2 : 잭과 콩 줄기,영국 민화 원작 / 배효정 글 / 전병준 그림,한국헤밍웨이
21,VIDEO,후토스하늘을나는집1탄,,kbs
22,VIDEO,베이비아인슈타인-베이비반고호,,월트디즈니
23,VIDEO,센과치히로의행방불명,,대원
24,도서,우리아빠가최고야,앤서니브라운,킨더랜드픽처북스
25,VIDEO,한글이야호,,EBS교육방송
26,VIDEO,로빈훗,,월트디즈니
27,VIDEO,꼬마자동차붕붕1탄(반짝반짝붕붕소동),,DVD CALL
28,VIDEO,꼬마자동차붕붕3탄(나배탈났어),,DVD CALL
29,VIDEO,메리포핀스,,월트디즈니
30,VIDEO,은하철도999(1탄),,(주)디비디애니
31,VIDEO,은하철도999(2탄),,(주)디비디애니
32,VIDEO,내친구드래곤1탄(드래곤은발명왕),,미라클상사
33,VIDEO,해피피트,,워너브러더스
34,VIDEO,코코놀이수학,,미라클상사
35,VIDEO,뮬란2,,월트디즈니
36,VIDEO,로봇수사대 K-캅스(로봇대원의눈물)1,,(주)에스씨엠
37,VIDEO,로봇수사대 K-캅스(무적타이거로합체하라)2,,(주)에스씨엠
38,VIDEO,로봇수사대 K-캅스(로봇수사대탄생!)3,,(주)에스씨엠
39,VIDEO,와곤충이보인다,,미라클
40,VIDEO,파브르의곤충기(상),,대경DVD
41,VIDEO,파브르의곤충기(하),,대경DVD
42,VIDEO,"공룡의세계(공룡의출현,백악기로의여행)",,청아영상
43,VIDEO,"공룡의세계(초식동물과육식동물,가까이서 본 공룡들)",,청아영상
44,VIDEO,공룡의세계(하늘을나는파충류익룡 하늘과바다는거대한동물들),,청아영상
45,VIDEO,"공룡의세계(공룡멸종설,운석의충돌)",,청아영상
46,VIDEO,해리포터와마법사의돌,,워너브러더스코리아
47,VIDEO,바비나비요정마리포사,,소니픽쳐스
48,VIDEO,토끼가까꿍,,EBS교육방송
49,VIDEO,베이비아인슈타인(세계의동물들),,월트디즈니
50,VIDEO,포코요송앤스토리,,미라클상사
51,VIDEO,포코요신나는공놀이,,미라클상사
52,VIDEO,그림을그려줘루이2탄,,EBS교육방송
53,VIDEO,"머하니,패즈?PAZ",,미라클상사
54,VIDEO,파워레인저 트레져포스 -샐러맨더의비늘,,대원미디어
55,VIDEO,파워레인저 트레져포스 -달에서온도전장,,대원미디어
56,VIDEO,꼬마펭귄핑구2탄,,미라클상사
57,VIDEO,꼬마펭귄핑구3탄,,미라클상사
58,VIDEO,바나나를탄끼끼-한글DVD,,미라클상사
59,VIDEO,클래식음악이들린다1탄,,미라클상사
60,도서,울지말고말하렴,이찬규,두산동아
61,도서,감정은다다르고특별해,,엠마브라운존
62,도서,구름빵,백희나,한솔수북
63,도서,난싫다고말해요-나쁜사람들로부터나를지키는책,베티뵈거홀드,북뱅크
64,도서,소중한나의몸,정지영,비룡소
65,도서,아빠랑함께피자놀이를,윌리엄스타이그,보림사
66,도서,안데르센동화집,안데르센,거인
67,도서,심심해서그랬어,윤구병,보리
68,도서,"엄마,화내지마",세가와후미코,거인
69,도서,난드레스입을꺼거야,크리스틴나우만,비룡소
70,도서,줄무늬가생겼어요,데이빗섀논,비룡소
71,도서,콧구멍을후비면,사이토타카토,애플비
72,도서,엄마여기는너무심심해요,바바라파크,애플비
73,도서,인어는기름바다에서도숨을쉴수있나요?,유다정,미래i아이
74,도서,도서관에간공주님,잔느 윌리스,주니어김영사
75,도서,세엄마이야기,신혜원,사계절
76,도서,도대체 그동안 무슨 일이 일어났을까?,이호백 글.그림,재미마주
77,도서,싹싹싹,하야시 아키코 지음;이영준 옮김,한림출판사
78,도서,5단계 용기백배5 : 호랑이가 된 토마스,샤를 로테 졸로토우 글 / 다이아나 케인 블루덴탈 그림 / 서순승 옮김,한국헤밍웨이
79,도서,사랑의 실천가4 : 테레사수녀,,새세대육영회
80,VIDEO,펭귄 : 위대한 모험(special features). disc 2,,케이디미디어
81,도서,부르릉 자동차가 달려요,다섯수레 편집부 엮음;최나미 그림,다섯수레
82,도서,신기한 자연현상20 : 방울 하니의 호기심 여행,최홍순 글 / 조여영 그림,두산동아
83,도서,순이와 어린동생,쓰쓰이 요리코 글;하야시 아키코 그림,한림출판사
84,도서,1단계 수와 셈 : 바람이 휘리릭,김진화 글 / 이루다 그림,한국헤밍웨이
85,도서,편리한 생활의 발견1 : 타당타당 대장간의 하루,오경문 글 : 류동필 그림,한국헤밍웨이
86,도서,편리한 생활의 발견2 : 하나요 둘이요,김정호 글 / 양수홍 그림,한국헤밍웨이
87,도서,첫번째사회책-나도 구조대원이 되고 싶어요1,김태련,새세대육영회
88,도서,첫번째사회책-처음비행기 타던날2,김태련,새세대육영회
89,도서,첫번째사회책-야! 홈런이다3,김태련,새세대육영회
90,도서,첫번째사회책-우리동네 우체국4,김태련,새세대육영회
91,도서,첫번째사회책-치과가 무섭다고요?5,김태련,새세대육영회
92,도서,첫번째사회책-인형극을 볼 때에는...6,김태련,새세대육영회
93,도서,첫번째사회책-슈퍼마켓에 갔어요7,김태련,새세대육영회
94,도서,첫번째사회책-난 책이 좋아 8,김태련,새세대육영회
95,도서,첫번째음악책-소리를 만들어 보세요1,김태련,한국어린이육영회
96,도서,첫번째음악책-여러가지 리듬악기2,김태련,한국어린이육영회
97,도서,첫번째음악책-노래를 불러보세요3,김태련,한국어린이육영회
98,도서,첫번째음악책-음악이란 무엇일까요?4,김태련,한국어린이육영회
99,도서,첫번째음악책-음악이란 어떻게 만들어 질까요?5,김태련,한국어린이육영회
100,도서,첫번째음악책-음악은 어디에 쓰일까요?6,김태련,한국어린이육영회
101,도서,첫번째음악책-음악과 함께 일하는 사람들7,김태련,한국어린이육영회
102,도서,첫번째음악책-세계여러나라의 음악8,김태련,한국어린이육영회
103,도서,한국우수 전래동화40 : 요술 부채,배효정 글 / 이다현 그림,한국헤밍웨이
104,도서,한국우수 전래동화41 : 흥부와 놀부,배효정 글 / 박문희 그림,한국헤밍웨이
105,도서,우정과 가족애를 길러 주는 이야기2 : 알프스 소녀 하이디,요한나 슈피리 원작 / 신현배 글/ 혁 채 그림,한국헤밍웨이
106,도서,우정과 가족애를 길러 주는 이야기3 : 톰 소여의 모험,마크 트웨인 원작 / 김현애 글 / 전상우 그림,한국헤밍웨이
107,도서,우정과 가족애를 길러 주는 이야기4 : 헨젤과 그레텔,,한국헤밍웨이
108,도서,우정과 가족애를 길러 주는 이야기5 : 홍당무,쥘 르나르 원작 / 김현애 글 /이갑규 그림,한국헤밍웨이
109,도서,우정과 가족애를 길러 주는 이야기6 : 집 없는 아이,엑토르 말로 원작 / 강원희 글 / 손미경 그림,한국헤밍웨이
110,도서,우정과 가족애를 길러 주는 이야기7 : 빨강머리 앤,몽고메리 원작 / 이림 글 / 정민식 그림,한국헤밍웨이
111,도서,우정과 가족애를 길러 주는 이야기8 : 플랜더스의 개,위다 원작 / 조항록 글 / 한갑수 그림,한국헤밍웨이
112,도서,우정과 가족애를 길러 주는 이야기9 : 빨간 모자,그림 형제 원작 / 송종호 글 / 이다현 그림,한국헤밍웨이
113,도서,우정과 가족애를 길러 주는 이야기10 : 엄마 찾아 삼만 리,에드몬도 데 아미치스 원작 / 조항록 글 / 장은정 그림,한국헤밍웨이
114,도서,따뜻한 감성을 키워 주는 이야기1 : 피노키오,콜로디 원작 / 송종호 글 / 황지영 그림,한국헤밍웨이
115,도서,따뜻한 감성을 키워 주는 이야기2 : 성냥팔이 소녀,안데르센 원작 / 조항록 글 / 정현아 그림,한국헤밍웨이
116,도서,따듯한 감성을 키워 주는 이야기3 : 파랑새,마테를링크 원작 / 이림 글 / 지정숙 그림,한국헤밍웨이
117,도서,따뜻한 감성을 키워 주는 이야기4 : 키다리 아저씨,진 웹스터 원작 / 김현애 글 / 성수임 그림,한국헤밍웨이
118,도서,따뜻한 감성을 키워 주는 이야기5 : 어린왕자,생텍쥐페리 원작 / 신현배 글 / 신혜정 그림,한국헤밍웨이
119,도서,따뜻한 감성을 키워 주는 이야기6 : 마지막 잎새,O.헨리 원작 / 김현애 글 / 강정선 그림,한국헤밍웨이
120,도서,따뜻한 감성을 키워 주는 이야기7 : 거인의 정원,오스카 와일드 원작 / 송종호 글 / 윤순정 그림,한국헤밍웨이
121,도서,따뜻한 감성을 키워 주는 이야기8 : 별,알퐁스 도데 원작 / 신현배 글 / 이갑규 그림,한국헤밍웨이
122,도서,사랑과 감동을 주는 이야기6 : 난쟁이와 구둣방 할아버지,그림형제 원작 / 조항록 글 / 양민숙 그림,한국헤밍웨이
123,도서,사랑과 감동을 주는 이야기7 : 행복한 왕자,오스카 와일드 원작 / 송종호 글 / 서연희 그림,한국헤밍웨이
124,도서,사랑과 감동을 주는 이야기8 : 백조왕자,안데르센 원작 / 조항록 글 / 장혜련 그림,한국헤밍웨이
125,도서,사랑과 감동을 주는 이야기10 : 호두까기 인형,호프만 원작 / 배효정 글 /정호선 그림,한국헤밍웨이
126,도서,신나는 모험을 떠나는 이야기1 : 알라딘의 요술 램프,아라비아 설화 원작 / 조항록 글 / 한경호 그림,한국헤밍웨이
127,도서,신나는 모험을 떠나는 이야기4 : 이상한 나라의 앨리스,루이스 캐럴 원작 / 신현배 글 / 조형윤 그림,한국헤밍웨이
128,도서,신나는 모험을 떠나는 이야기5 : 손오공,오승은 원작 / 이재희 글 / 박지훈 그림,한국헤밍웨이
129,도서,신나는 모험을 떠나는 이야기8 : 걸리버 여행기,조너선 스위프트 원작 / 조항록 글 / 최철민 그림,한국헤밍웨이
130,도서,신나는 모험을 떠나는 이야기9 : 돈키호테,세르반테스 원작 / 김학민 글 / 문종성 그림,한국헤밍웨이
131,도서,신나는 모험을 떠나는 이야기10 : 80일간의 세계 일주,쥘 베른 원작/ 조항록 글 / 심수근 그림,한국헤밍웨이
132,도서,창조적인 발명가1 : 에디슨,,새세대육영회
133,도서,창조적인 발명가2 : 노벨,,새세대육영회
134,도서,창조적인 발명가3 : 라이트 형제,,새세대육영회
135,도서,창조적인 발명가4 : 스티븐슨,,새세대육영회
136,도서,창조적인 발명가5 : 장영실,,새세대육영회
137,도서,용감한 장수1 : 이순신,,새세대육영회
138,도서,용감한 장수2 : 나폴레옹,,새세대육영회
139,도서,용감한 장수3 : 잔다르크,,새세대육영회
140,도서,용감한 장수4 : 칭기스칸,,새세대육영회
141,도서,용감한 장수5 : 한니발,,새세대육영회
142,도서,도전정신의 과학자1 : 아인슈타인,,새세대육영회
143,도서,도전정신의 과학자2 : 파브르,,새세대육영회
144,도서,도전정신의 과학자3 : 퀴리부인,,새세대육영회
145,도서,도전정신의 과학자4 : 아르키메데스,,새세대육영회
146,도서,도전정신의 과학자5 : 우장춘,,새세대육영회
147,도서,사랑의 실천가1 : 나이팅게일,,새세대육영회
148,도서,사랑의 실천가2 : 슈바이처,,새세대육영회
149,도서,사랑의 실천가3 : 간디,,새세대육영회
150,도서,사랑의 실천가5 : 허준,,새세대육영회
151,도서,영혼을 담아낸 예술가2 : 베토벤,,새세대육영회
152,도서,영혼을 담아낸 예술가3 : 레오나르도 다 빈치,,새세대육영회
153,도서,영혼을 담아낸 예술가4 : 톨스토이,,새세대육영회
154,도서,영혼을 담아낸 예술가5 : 김홍도,,새세대육영회
155,도서,미래의 영웅1 : 디즈니,,새세대육영회
156,도서,미래의 영웅2 : 스필버그,,새세대육영회
157,도서,미래의 영웅3 : 빌 게이츠,,새세대육영회
158,도서,미래의 영웅4 : 스티븐 호킹,,새세대육영회
159,도서,미래의 영웅5 : 백남준,,새세대육영회
160,도서,과학이야기-우리몸1 : 궁금한 뇌,최혜영 글 / 최윤지 그림,새세대육영회
161,도서,과학이야기-우리몸2 : 드르렁 드르렁 잠,최혜영 글 / 백진영 그림,한국헤밍웨이
162,도서,과학이야기-우리몸3 : 수수께끼 같은 털,최혜영 글 / 이은주 그림,한국헤밍웨이
163,도서,과학이야기-우리몸4 : 땀으로 오줌으로,최혜영 글 / 김철 그림,한국헤밍웨이
164,도서,과학이야기-우리몸5 : 똥마려워요,최혜영 글 / 김혜진 그림,한국헤밍웨이
165,도서,과학이야기-우리몸6 : 콜록콜록 감기,최혜영 글 / 정덕주 그림,한국헤밍웨이
166,도서,과학이야기-동물1 : 젖을 먹고 자라요,최혜영 글 / 최지연 그림,한국어린이육영회
167,도서,과학이야기-동물2 : 끼리끼리 다르대요,최혜영 글 / 최현인 그림,한국언린이육영회
168,도서,과학이야기-동물3 : 물을 좋아하는 동물들,최혜영 글 / 홍정수 그림,한국어린이육영회
169,도서,과학이야기-동물4 : 꼬리가 궁금해요,최혜영 글 / 김청 그림,한국어린이육영회
170,도서,과학이야기-동물5 : 동물들이 놀라워요,최혜영 글 / 노선미 그림,한국어린이육영회
171,도서,과학이야기-동물6 : 서로 먹고 먹혀요,최혜영 글 / 노선미 그림,한국어린이육영회
172,도서,과학이야기-생활속의 물리이야기1 : 소리가 들려요,최혜영 글 / 김보미 그림,한국어린이육영회
173,도서,과학이야기-생활속의 물리이야기2,최혜영 글 / 정영숙.신승아 그림,한국어린이육영회
174,도서,과학이야기-생활속의 물리이야기3 : 움직이고 있어요,최혜영 글 / 정인태 그림,한국어린이육영회
175,도서,과학이야기-생활속의 물리과학4 : 에너지가 필요해요,최혜영 글 / 조준지 글,한국어린이육영회
176,도서,과학이야기-생활속의 물리이야기5 : 전기가 흘러요,최혜영 글 /정영숙.신승아 그림,한국어린이육영회
177,도서,과학이야기-생활속의 물리이야기6 : 물이 돌고 돌아요,최혜영 글 / 송주희 그림,새세대육영회
178,도서,쉬운책3 : 게으름뱅이 물고기,,한국어린이육영회
179,도서,쉬운책4 : 나도 무당 벌레야,,한국어린이육영회
180,도서,쉬운책5 : 친구를 찾아요,,한국어린이육영회
181,도서,쉬운책6 : 꼬마도깨비 심술이,,한국어린이육영회
182,도서,쉬운책 시리즈1-3 : 코,,새세대육영회
183,도서,쉬운책 시리즈1-4 : 아침에 일어나서,,새세대육영회
184,도서,쉬운책 시리즈1-5 : 곰돌아 잘자거라,,새세대육영회
185,도서,쉬운책 시리즈1-6 : 삐약! 우리 엄마세요,,새세대육영회
186,도서,쉬운책 시리즈1-7 : 선물,,새세대육영회
187,도서,쉬운책 시리즈1-8 : 여우와 포도,,새세대육영회
188,도서,쉬운책 시리즈1-9 : 까마귀와 물병,,새세대육영회
189,도서,쉬운책 시리즈1-10 : 야! 웅덩이다,,새세대육영회
190,도서,쉬운책 시리즈1-11 : 어리석은 도깨비,,새세대육영회
191,도서,쉬운책 시리즈1-12 : 나도,,새세대육영회
192,도서,쉬운책 시리즈2-1 : 귀뚜라미를 보았나요,,새세대육영회
193,도서,쉬운책 시리즈2-2 : 야 잠자리다,,새세대육영회
194,도서,쉬운책 시리즈2-3 : 메뚜기야 뛰어라,,새세대육영회
195,도서,쉬운책 시리즈2-4 : 호랑나비야 날아라,,새세대육영회
196,도서,쉬운책 시리즈2-5 : 개미야 힘내라,,새세대육영회
197,도서,쉬운책 시리즈3-4 : 색깔도둑,,새세대육영회
198,도서,쉬운책 시리즈3-5 : 비눗방울 놀이,,새세대육영회
199,도서,쉬운책 시리즈3-6 : 나비가 된 배추벌레,,새세대육영회
200,도서,쉬운책 시리즈3-24,,새세대육영회
201,도서,쉬운책 시리즈3-8 : 고양이와 여우,,새세대육영회
202,도서,쉬운책 시리즈3-9 : 모자장수와 원숭이,,새세대육영회
203,도서,쉬운책 시리즈3-10 :우리는 친구,,새세대육영회
204,도서,이솝이야기1-1 감사 : 개미와 비둘기,최혜영 글 / 최금희 그림,한국어린이육영회
205,도서,이솝이야기1-2 감사 : 갈대와 올리브나무,최혜영 글 / 김영숙 그림,한국어린이육영회
206,도서,이솝이야기1-3 노력 : 토끼와 거북이,최혜영 글 / 권영인 그림,
207,도서,이솝이야기1-4 만족 : 서울쥐와 시골쥐,최혜영 글 / 정인태 그림,한국어린이육영회
208,도서,이솝이야기1-5 우정 : 두 친구와 곰,최혜영 글 / 장미정 그림,한국어린이육영회
209,도서,이솝이야기1-6 정직 : 양치기 소년의 거짓말,최혜영 글 / 최현묵 그림,한국어린이육영회
210,도서,이솝이야기1-7 지혜 : 돌로 끓인 국,최혜영 글 / 김혜진 그림,한국어린이육영회
211,도서,이솝이야기1-8 협동 : 아버지의 교훈,최혜영 글 / 주미혜 그림,한국어린이육영회
212,도서,이솝이야기2-1 감사 : 은혜 갚은 독수리,최혜영 글 / 황재근 그림,한국어린이육영회
213,도서,이솝이야기2-2 겸손 : 물에 빠진 여우,최혜영 글 / 지정숙 그림,한국어린이육영회
214,도서,이솝이야기2-3 노력 : 개미와 베짱이,최혜영 글 / 김남주 그림,한국어린이육영회
215,도서,이솝이야기2-4 만족 : 당나귀와 여치,최혜영 글 / 유승옥 그림,한국어린이육영회
216,도서,이솝이야기2-5 우정 : 자고새와 사냥꾼,최혜영 글 / 강영수 그림,한국어린이육영회
217,도서,이솝이야기2-6 정직 : 진실을 만한 양,최혜영 글 / 이은선 그림,한국어린이육영회
218,도서,이솝이야기2-7 지혜 : 농부의 지혜,최혜영 글 / 박기욱 그림,한국어린이육영회
219,도서,이솝이야기2-8 협동 : 장님과 절름발이,최혜영 글 / 노성빈 그림,한국어린이육영회
220,도서,이솝이야기3-1 감사 : 플라타너스아 두 친구,최혜영 글 / 김태미 그림,한국어린이육영회
221,도서,이솝이야기3-2 겸손 : 개구리 의사,최혜영 글 / 박미애 그림,한국어린이육영회
222,도서,이솝이야기3-3 노력 : 아버지의 값진 유산,최혜영 글 / 채종월 그림,한국어린이육영회
223,도서,이솝이야기3-5 우정 : 친구를 배신한 여우,최혜영 글 / 정인태 그림,한국어린이육영회
224,도서,이솝이야기3-6 정직 : 망신당한 거짓말쟁이,최혜영 글 / 임연옥 그림,한국어린이육영회
225,도서,이솝이야기3-7 지혜 : 피리부는 늑대,최혜영 글 / 김지연 그림,한국어린이육영회
226,도서,이솝이야기3-8 협동 : 어리석은 황소 세마리,최혜영 글 / 최홍숙 그림,한국어린이육영회
227,도서,반편견그림책1 : 오럇말 오럇말,이경우 글 / 유승희 그림,한국어린이육영회
228,도서,반편견그림책2 : 엄마는 비행사,"이은화 글 / 이혜정,정지은 그림",한국어린이육영회
229,도서,반편견그림책3 : 돌하르방 어디 감수광,김인경 글 / 이은심 그림,한국어린이육영회
230,도서,반편견그림책4 : 우리 집 감자요리,이경우 글 / 곽선영 그림,한국어린이육영회
231,도서,반편견그림책5 : 반쪽이,이은화 글 / 김정한 그림,한국어린이육영회
232,도서,반편견그림책6 : 할머니의 선물,이연승 글 / 이선주 그림,한국어린이육영회
233,도서,반편견그림책7 : 방정환 선생님,이은화 글 / 최수웅 그림,한국어린이육영회
234,도서,반편견그림책8 : 바퀴의자 선생님,이경우 글 / 전효운 그림,한국어린이육영회
235,도서,반편견그림책9 : 쌀쥐 보리쥐,유준호 글 / 김종도 그림,한국어린이육영회
236,도서,반편견그림책10 : 할로윈 이야기,전효훈 글 / 이루비 그림,한국어린이육영회
237,도서,동시그림책1 : 말놀이,,아이코리아
238,도서,동시그림책2 : 수놀이,,아이코리아
239,도서,동시그림책3 : 과학놀이,,아이코리아
240,도서,동시그림책4 : 신체놀이,,아이코리아
241,도서,명작동화로 읽는 경제이야기1 : 산에서 내려온 원숭이,최혜영 글 / 홍성지 그림,새세대육영회
242,도서,이야기친구9 우리 집에 놀러와,이성희 글 / 백정현 그림,
243,도서,이야기친구10 푸름이의 나들이,현수진 글 / 최홍숙 그림,
244,도서,이야기친구12 아빠시계,이택경 외 다수 글 / 강선희 외 다수 그림,
245,도서,이야기 친구 제8집 6권-1 : 이게 무슨 냄새지?,,한국어린이육영회
246,도서,이야기 친구 제8집-3 : 비오는 날,이은하 글 / 황명희 그림,한국어린이육영회
247,도서,이야기 친구 제8집-4 : 척척박사 로봇,양금희 글 / 엄혜용 그림,한국어린이육영회
248,도서,더불어 사는 세상1 : 우리가 달라도,김혜리 글 / 이형진 그림,아이코리아
249,도서,더불어 사는 세상2 : 내친구 여진이,김혜리 글 / 김지아 그림,아이코리아
250,도서,더불어 사는 세상3 : 큰 산이 될거야,김혜리 글 / 오승민 그림,아이코리아
251,도서,더불어 사는 세상 4 : 넌 왜 보청기를 하니,김혜리 글 / 윤지회 그림,아이코리아
252,도서,더불어 사는 세상5 : 함께 가는 길,김혜리 글 / 윤지회 그림,아이코리아
253,도서,환경동화1 : 나는 상쾌한 바람입니다,이국휘 글 / 이은심 그림,한국어린이육영회
254,도서,환경동화2 : 슬이의 여름여행,양혜정 글 / 심미아 그림,한국어린이육영회
255,도서,환경동화3 : 아기새와 가로수할머니,정보람 글 / 정현주 그림,한국어린이육영회
256,도서,환경동화4 : 옹달샘 아가씨,장은희 글 / 백정현 그림,한국어린이육영회
257,도서,환경동화5 : 내가 왕이야,유영옥 글 / 이행숙 그림,한국어린이육영회
258,도서,환경동화6 : 꼬마 붕어 삐뽀,김소연 글 / 정지예 그림,한국어린이육영회
259,도서,환경동화7 : 민들레의 여행,이영희 글 / 김혜란 그림,한국어린이육영회
260,도서,환경동화8 : 깡돌이의 여행,조재순 글 / 이상윤 그림,한국어린이육영회
261,도서,환경동화9 : 휴지통속의 친구들,김영옥 글 / 이진경 그림,한국어린이육영회
262,도서,환경동화10 : 은빛피라미의 소망,김상범 글 / 한병호 그림,한국어린이육영회
263,도서,"성교육 그림책1 : 내 몸, 네 몸",,새세대육영회
264,도서,"성교육 그림책2 : 나, 남자 맞아?",,새세대육영회
265,도서,성교육 그림책3 : 엄마 뱃속에서 나왔어요,,새세대육영회
266,도서,성교육 그림책4 : 우리 아빠는요...,,새세대육영회
267,도서,성교육 그림책5 : 이상한 느낌이에요,,새세대육영회
268,도서,옛날옛날에는 무엇을 입었을까요?,이민자 글 / 장문정 그림,새세대육영회
269,도서,옛날옛날에는 무엇을 먹었을까요?,이민자글 / 강효숙 그림,새세대육영회
270,도서,옛날옛날에는 어디서 살았을까요?,이민자 글/ 강우근 그림,새세대육영회
271,도서,"맛도 좋다, 그치?",김태련 글,한국어린이육영회
272,도서,우리 씨름 한 판 할까?,김태련 글,한국어린이육영회
273,도서,다 숨었니?,김태련 글,한국어린이육영회
274,도서,김치를 한입에 쏙!,김태련,한국어린이육영회
275,도서,팽이 팽이 돌아라,김태련,한국어린이육영회
276,도서,팥죽을 끓여 볼까?,김태련,한국어린이육영회
277,도서,공기를 보았니?,김태련,새세대육영회
278,도서,바람을 만든다고?,김태련,새세대육영회
279,도서,내 그림자는,김태련,새세대육영회
280,도서,물에 뜰까?,김태련,새세대육영회
281,도서,빨갛게 물들었어요,김태련,새세대육영회
282,도서,왕눈이가 나타났다,김태련,새세대육영회
283,도서,어떻게 만들었어요?,김태련,새세대육영회
284,도서,달리고 싶은 자동차,김태련,새세대육영회
285,도서,꼭꼭 숨어라,유정선 글 / 고주홍 그림,한국어린이육영회
286,도서,어떻게 그렸을까?,유정선 글 / 노윤경외 그림,한국어린이육영회
287,도서,미술과 함께하는 사람들,유정선 글 / 정동수 그림,한국어린이육영회
288,도서,미술은 어디에 있을까,유정선 글 / 고상미 그림,한국어린이육영회
289,도서,점점 더,유정선 글 / 김영진 그림,한국어린이육영회
290,도서,같은 이야기 다른 그림,유정선 글,한국어린이육영회
291,도서,미술에 관한 이야기,유정선 글 / 엄영신 그림,한국어린이육영회
292,도서,순서대로 줄줄줄,김태련,새세대육영회
293,도서,아빠처럼 커질거야,김태련,새세대육영회
294,도서,연못을 건너,김태련,새세대육영회
295,도서,재미있게 나누자,김태련,새세대육영회
296,도서,숫자풀이,김태련,새세대육영회
297,도서,어떻게 할까?,김태련,새세대육영회
298,도서,재어볼래?,김태련,새세대육영회
299,도서,생일선물,김태련,새세대육영회
300,도서,누구일까?,김태련,새세대육영회
301,도서,숫자를 닮았네,김태련,새세대육영회
302,VIDEO,리틀베어1편,,비엠코리아
303,VIDEO,리틀베어2편,,비엠코리아
304,VIDEO,리틀베어3편,,비엠코리아
305,VIDEO,리틀베어4편,,비엠코리아
306,VIDEO,아기단추 아추랑 콩콩 흥얼흥얼 음악놀이,,C4U
307,VIDEO,아기단추 아추랑 콩콩 꼭꼭약속 생활습관 놀이,,C4U
308,VIDEO,동물박사 패치 아저씨,,딕월드
309,VIDEO,노틀담의 곱추,,미래정보미디어
310,VIDEO,신밧드의 모험,,미래정보미디어
311,VIDEO,3인의기사,,스카이시네마
312,VIDEO,뮬란,,미래정보미디어
313,VIDEO,미녀와 야수,,미래정보미디어
314,VIDEO,아나스타샤,,미래정보미디어
315,VIDEO,뽀롱뽀롱 뽀로로 전세계가 주목한 감성 애니메이션1편,,EBS교육방송
316,VIDEO,포카혼타스2편,,월트디즈니
317,VIDEO,삼국지2편 불타는 장강,,비엠코리아
318,VIDEO,삼국지3편 흔들리는 대지,,비엠코리아
319,VIDEO,꾸러기상상여행2,,미라클상사
320,VIDEO,바니와 친구들,,미라클상사
321,VIDEO,뉴 베이비 모차르트,,비엠코리아
322,VIDEO,미피와 친구들,,딕브루너코리아
323,VIDEO,티거무비,,월트디즈니
324,도서,풍부한 상상력을 길러 주는 이야기1 : 잠자는 숲 속의 공주,샤를 페로 / 배효정 글 / 이영옥 그림,한국헤밍웨이
325,도서,풍부한 상상력을 길러주는 이야기3 : 생강 과자 아기,영국 민화 원작 / 이상교 글/ 최창훈 그림,한국헤밍웨이
326,도서,풍부한 상상력을 길러주는 이야기4 : 신데렐라,샤를 페로 원작 / 조항록 글 / 정호선 그림,한국헤밍웨이
327,도서,풍부한 상상력을 길러주는 이야기5 : 피터 팬,J.M. 배리 원작 / 신현배 글 / 유승정 그림,한국헤밍웨이
328,도서,풍부한 상상력을 길러주는 이야기6 : 인어 공주,안데르센 원작 / 김현애 글 / 조춘희 그림,한국헤밍웨이
329,도서,풍부한 상상력을 길러주는 이야기7 : 장화 신은 고양이,샤를 페로 원작 / 신현배 글 / 레지나 그림,한국헤밍웨이
330,도서,풍부한 상상력을 길러주는 이야기8 : 나의 라임오렌지 나무,바스콘셀로스 원작 / 김현애 글 /전혜령 그림,한국헤밍웨이
331,도서,풍부한 상상력을 길러주는 이야기9 : 오즈의 마법사,L.프랭크 봄 원작 / 배효정 글 / 배은정 그림,한국헤밍웨이
332,도서,풍부한 상상력을 길러주는 이야기10 : 세라 이야기,프랜시스 버넷 원작 / 조항록 글 / 서숙희 그림,한국헤밍웨이
333,도서,교훈과 지혜를 안겨 주는 이야기1 : 바람과 태양의 내기,이솝 원작 / 조항록 글 / 임경현 그림,한국헤밍웨이
334,도서,교훈과 지혜를 안겨 주는 이야기2 : 벌거벗은 임금님,안데르센 원작 / 이림 글 / 전혜령 그림,한국헤밍웨이
335,도서,교훈과 지혜를 안겨 주는 이야기3 : 늑대와 일곱 마리 아기염소,그림 형제 원작 / 배효정 글 / 김미정 그림,한국헤밍웨이
336,도서,교훈과 지혜를 안겨 주는 이야기4 : 토끼와 거북 . 시골 쥐와 서울 쥐,이솝 원작 / 이지현 글 / 조수진 그림,한국헤밍웨이
337,도서,교훈과 지혜를 안겨 주는 이야기5 : 이솝 이야기,"이솝 원작 / 배효정 글 / 조수진,오현균,김성영,박경란 그림",한국헤밍웨이
338,도서,교훈과 지혜를 안겨 주는 이야기8 : 피리 부는 사나이,독일 만화 원작 / 배효정 글 / 김민정,한국헤밍웨이
339,도서,교훈과 지혜를 안겨 주는 이야기9 : 알리바바와 사십 명의 도둑,아리비아 설화 원작 / 조항록 글 / 김태란 그림,한국헤밍웨이
340,도서,교훈과 지혜를 안겨 주는 이야기10 : 바보 이반,톨스토이 원작 / 김현애 글 / 유승옥 그림,한국헤밍웨이
341,도서,우정과 가족애를 길러 주는 이야기1 : 정글 북,J.R. 키플링 원작 /송종호 글 / 김미정 그림,한국헤밍웨이
342,도서,이야기친구1 : 착한아기코끼리,구민경 글 / 정주현 그림,새세대육영회
343,도서,이야기친구2 : 누나가 된 송이,홍선숙 글 / 신은재 그림,새세대육영회
344,도서,이야기친구3 : 통 통 무슨 통,이송은 글 / 백정현 그림,새세대육영회
345,도서,이야기친구4 : 내이름은 강아지,곽승주 글 / 한병호 그림,새세대육영회
346,도서,이야기친구5 : 사랑유치원,김애경 글 / 박현아 그림,
347,도서,이야기친구6 : 빗방울 친구,유근주 외 다수 글 / 박지은 외 다수 그림,
348,도서,이야기친구7 - 키가 크고 싶어요,윤혜정 글 / 이경원 그림,
349,도서,이야기친구8 나는 뚝배기 예요,한상남 글 / 최민호 그림,
350,도서,이야기친구11: 다람쥐의 슬픈 겨울,홍영희 글 / 윤미란 그림,
351,도서,이야기 친구 제8집-2 : 사자의 고민,김수정 글 / 정현주 그림,한국어린이육영회
352,도서,이야기 친구 제8집 6권-5 : 빨간물고기와 조개아저씨,,한국어린이육영회
353,도서,이야기 친구 제8집-6 : 아빠닮은 봄꽃,,한국어린이육영회
354,도서,용기와 희망을 주는 이야기8 : 피터와 늑대,프로코피예프 원장 / 김현애 글 / 신소영 그림,한국헤밍웨이
355,도서,명작동화로 읽는 경제이야기2 : 부지런한 빨간 암탉,최혜영 글 / 노선미 그림,새세대육영회
356,도서,명작동화로 읽는 경제이야기 3 : 내 그림자를 돌려줘,최혜영 글 / 김혜진 그림,새세대육영회
357,도서,명작동화로 읽는 경제이야기4 : 생쥐가 지은 아침밥,최혜영 글 / 최윤지 그림,새세대육영회
358,도서,명작동화로 읽는 경제이야기5 : 흰색토끼와 회색토끼,최혜영 글 / 김정현 그림,새세대육영회
359,도서,명작동화로 읽는 경제이야기 6 : 집을 팝니다,최혜영 글/ 유정연 그림,새세대육영회
360,도서,4단계 표현 : 한이가 만든 장난감,김송아 글 / 오은영 그림,한국헤밍웨이
361,도서,자연에서 얻은 생활의 지혜1 : 신비한 풀 약초,,한국헤밍웨이
362,도서,7단계 눈이번뜩8 : 갈색 곰의 놀라운 비밀,캐롤라인 케슬 글 / 티나 멕너튼 그림 / 김현주 옮김,한국헤밍웨이
363,도서,8단계 모험쿵쿵1 : 여러분은 잠잘,장 마리 안테넨 글.그림 / 서순승 옮김,한국헤밍웨이
364,도서,8단계 모험쿵쿵2 : 카프리의 임금님,자넷 윈트손 글 / 제인 레이 그림 / 김이경 옮김,한국헤밍웨이
365,도서,8단계 모험쿵쿵3 : 꼬마 기사와 불 뿜는 용,알렉사 슈타인브렌너 글 / 미하엘 루츠 그림 / 서순승 옮김,한국헤밍웨이
366,도서,8단계 모험쿵쿵6 : 어느 멋진 날,자넷 마샬 글.그림 / 이진 옮김,한국헤밍웨이
367,도서,용기와 희망을 주는 이야기1 : 엄지공주,안데르센 원작 / 이림 글 / 정호선 그림,한국헤밍웨이
368,도서,용기와 희망을 주는 이야기2 : 아기돼지 삼형제,조셉 제이콥스 원작 / 조항록 글 / 김마늘 그림,한국헤밍웨이
369,도서,용기와 희망을 주는 이야기3 : 브레멘 음악대,그림 형제 원작 / 김현애 글 / 민경순 그림,한국헤밍웨이
370,도서,용기와 희망을 주는 이야기4 : 꼬마 삼보 이야기,헬렌 배너먼 원작 / 이림 글 / 원유성 그림,한국헤밍웨이
371,도서,용기와 희망을 주는 이야기5 : 미운 아기오리,안데르센 원작 / 이림 글 / 김성영 그림,한국헤밍웨이
372,도서,용기와 희망을 주는 이야기6 : 눈의 여왕,안데르센 원작 / 신현배 글 / 임경미 그림,한국헤밍웨이
373,도서,용기와 희망을 주는 이야기7 : 거지가 된 왕자,마크 트웨인 원작 / 신현배 글 / 이병호 그림,한국헤밍웨이
374,도서,영혼을 담아낸 예술가1 : 안데르센,,새세대육영회
375,도서,쉬운책1 : 공작나비,,한국어린이육영회
376,도서,쉬운책2 : 텃밭여행,,한국어린이육영회
377,도서,쉬운책 시리즈1-1 : 이게 뭐지,,새세대육영회
378,도서,개미나라에 간 루카스,존 니클 글.그림/ 조세현 옮김,비룡소
379,도서,하멜른의 피리 부는 사나이,"케이트 그리너웨이 그림, 로버트 브리우닝 글 / 정영목 옮김",비룡소
380,도서,슛돌이 카르헨,로트라우트 수잔네 베르너 글.그림 / 이헌정 옮김,비룡소
381,도서,공주님과 완두콩,"H.C안데르센 글. 로렌차일드 각색,그림/ 폴리볼랜드 사진 / 이다희 옮김",비룡소
382,도서,꼬맹이 툴툴이와 공룡 알,토미 드 파올라 글.그림/ 노은정 옮김,비룡소
383,도서,엄마 아빠가 생긴 날,제이미 리 커티스 글. 로라 코넬 그림/ 조세현 옮김,비룡소
384,도서,내 이름은 프레즐,마가렛 레이 글. 한스 아우구스토 레이 그림/ 김원숙 옮김,비룡소
385,도서,"너, 공룡 사촌이니?",버나드 모스트 글.그림 / 고정아 옮김,비룡소
386,도서,보름달 음악대,옌스 라스무스 글. 그림 / 김은애 옮김,비룡소
387,도서,붕붕 호박벌의 한살이,에이프럴 풀리 세이어 글. 패트리샤 위니 그림 / 이현주 옮김,비룡소
388,도서,할아버지의 천사,유타 바우어 글.그림 / 유혜자 옮김,비룡소
389,도서,다얀의 이야기6 : 다얀의 맛있는 꿈,이케다 아키고 글.그림 / 강은주 옮김,비룡소
390,도서,다얀의 이야기7 :그림자 축제,이케다 아키코 글. 그림 / 강은주 옮김,비룡소
391,도서,다람쥐가 보낸 편지,톤 텔레헨 글/ 악셀 셔플러 그림/김영진 옮김,비룡소
392,도서,바로 또 거꾸로,앤 조나스 글.그림/ 이상희 옮김,비룡소
393,도서,"마음과 생각이 크는 책3 : 나, 스트레스 받았어!",미셸린느 먼디 글 / R.W.앨리 그림/ 노은정 옮김,비룡소
394,도서,마음과 생각이 크는 책2 : 슬플 때도 있는 거야,미셸린느 먼디 글/R.W.앨리 그림/ 노은정 옮김,비룡소
395,도서,두더지는 바지가 필요해,에두아르드 페티슈카 글/ 즈데네크 밀레르 그림/ 권재일 옮김,비룡소
396,도서,로봇 임금님,데라무라 데루오 글/ 와카야마 시즈코 그림/ 김난주 옮김,비룡소
397,도서,엄마 뽀뽀는 딱 한 번만!,토미 웅거러 글.그림/ 조은수 옮김,비룡소
398,도서,신기한 스쿨 버스 키즈: 별을 파는 이상한 아저씨,조애너 콜 글/ 부르수 디건 그림/ 이현주 옮김,비룡소
399,도서,신기한 스쿨 버스 키즈 : 사라진 개구리 벨라,,비룡소
400,도서,신기한 스쿨 버스 키즈 : 소행성의 충돌을 막아라,조애너 콜 글.브루스 디건 그림/ 이현주 옮김,비룡소
401,도서,신기한 스쿨 버스 키즈 : 꿀 호수에 빠지다,조애너 콜 글. 브루스 디건 그림/ 이강환 옮김,비룡소
402,도서,하얀 눈 환한 눈,앨빈 트레셀트 글. 조러 뒤봐젱 그림 / 최리을 옮김,비룡소
403,도서,크리스마스까지 아홉 밤,마리 홀에츠. 오로라 라바스티다 글/ 마리 홀 에츠 그림 / 최리을 옮김,비룡소
404,도서,학교에서 나온 우리는,자크 프레베르 시. 자클린 뒤엠 그림 / 심지원 옮김,비룡소
405,도서,100만번 산 고양이,사노 요코 글.그림 / 김난주 옮김,비룡소
406,도서,주머니 없는 캥거루 케이티,H.A. 레이 그림 . 에이미 페인 글/ 조은수 옮김,비룡소
407,도서,엉망진창 섬,윌리엄 스타이그 글.그림/ 조은수 옮김,비룡소
408,도서,살려 줄까 말까?,조은수 글/ 우승하 그림,비룡소
409,도서,야구공,김정선 그림동화,비룡소
410,도서,뭐든지 무서워 하는 늑대,안 로카르 글. 염혜원 그림 / 김현주 옮김,비룡소
411,도서,조각이불,앤 조나스 글.그림 / 나덕희 옮김,비룡소
412,도서,이런 동생은 싫어!,로리 뮈라이유 글. 장 노엘 로쉬 그림 / 조현실 옮김,비룡소
413,도서,"오른발, 왼발",토미 드 파올라 글.그림/ 정해왕 옮김,비룡소
414,도서,지구를 굴리는 곰 이야기,주영삼,비룡사
415,도서,세상에서 가장 큰 여자 아이 안젤리카,앤 이삭스 글/ 폴 젤린스키 그림/ 서애경 옮김,비룡소
416,도서,살아 있는 땅,엘레오노레 슈미트 글.그림 / 김윤태 옮김,비룡소
417,도서,지각대장 존,존 버니행 글.그림 / 박상희 옮김,
418,도서,바람 부는 날,정순희 글.그림,비룡소
419,도서,"악어도 깜짝, 치과 의사도 깜짝!",고미 타로 글.그림 / 이종화 옮김,비룡소
420,도서,치과의사 드소토 선생님,윌리엄 스타이그 글.그림/ 조은수 옮김,비룡소
421,도서,말놀이 나라 쫑쫑,허은이 구성. 곽선영 그림,비룡소
422,도서,꼬마 곰 코듀로이,돈 프리먼 글. 그림/ 조은수 옮김,비룡소
423,도서,피아노 치기는 지겨워,다비드 칼리 글. 에릭 엘리오 그림 / 심지원 옮김,비룡소
424,도서,바다에 간 마녀 위니,코키 폴 그림. 밸러리 토머스 글 / 조세현 옮김,비룡소
425,도서,서커스 대소동,벵자맹 쇼 글.그림 / 이경혜 옮김,비룡소
426,도서,누가 좀 도와줄래?,바이런 바튼 글. 그림 / 조은수 옮김,
427,도서,"자음 숨은그림찾기 : 고슴도치야, 무얼 보니?",정지영.정혜영 글/그림,비룡소
428,도서,피터의 안경,에즈라 잭 키츠 글.그림 / 정성원 옮김,비룡소
429,도서,아빠는 나를 사랑해,마리앤K.쿠시마노 글/ 이치카와 사토미 그림 / 최재숙 옮김,비룡소
430,도서,뚜벅이와 첨벙이,홀리 호비 글.그림 / 조은수 옮김,비룡소
431,도서,빗방울 공주,벵자맹 쇼 글.그림 / 이경혜 옮김,비룡소
432,도서,쉿쉿!,백은희 그림/ 김춘효 글,비룡사
433,도서,울보 떼쟁이 못난이,김향이 글/ 정덕주 그림,비룡소
434,도서,해럴드와 크리스마스,크로켓 존슨 글/ 그림,비룡소
435,도서,고함쟁이 엄마,유타 바우어 글.그림 / 이현정 옮김,비룡소
436,도서,과학은 내친구 : 화분과 지렁이,마키 후미에 글 / 이시쿠라 히로유키 그림 / 유숙자 옮김,한림출판사
437,도서,과학은 내친구 : 상처딱지,야규 겐이치로 글.그림/ 엄기원 옮김,
438,도서,과학은 내친구 : 겨울철 벌레를 찾아서,미야타케 요리오 글/ 마츠오카 타츠히데 그림/ 예상렬 옮김,한림출판사
439,도서,과학은 내친구 : 제비꽃과 개미,야자마 요시코 글.그림/ 모리타 타츠요시 감수/ 윤태랑 옮김,한림출판사
440,도서,과학은 내친구 : 집 근처의 벌레들,고바야시 토시키 글/ 다카하시키요시 그림/ 엄기원 옮김,한림출판사
441,도서,과학은 내친구 : 야채로 도장찍기,요시다 기미마로 글.그림 / 엄기원 옮김,한림출판사
442,도서,과학은 내친구 : 왜 방귀가 나올까?,초 신타 글.그림 / 이영준 옮김,한림출판사
443,도서,어둠을 무서워하는 꼬마 박쥐,G.바게너 글 / E. 우르베루아가 그림/ 최문정 옮김,비룡소
444,도서,과학은 내친구 : 누구나 눈다,고미 타로 글.그림 / 이영준 옮김,한림출판사
445,도서,과학은 내친구 : 뼈,호리 우치 세이치 글.그림 / 엄기원 옮김,한림출판사
446,도서,과학은 내친구 : 콧구멍 이야기,야규 겐이치로 글.그림 / 예상열 옮김,한림출판사
447,도서,과학은 내친구 : 배고파요,야규 겐이치로 글.그림/ 예상열 옮김,한림출판사
448,도서,과학은 내친구 : 꼬리가 하는 일,가와다 겐 글/ 야부우치 마사유키 그림 / 예상열 옮김,한림 출판사
449,도서,과학은 내친구 : 벌꿀 이야기,후지와라 유미코 글 / 이세 히데코 그림 / 엄기원 옮김,한림 출판사
450,도서,바르바르 이발사,이누이 에리코 글 / 니시무라 토시오 그림 / 박미경 옮김,한림출판사
451,도서,하양이의 숲 속 탐험,야마가타 아케미 글 / 오오하타 토시오 사진 / 박숙경 옮김,한림출판사
452,도서,과학은 내친구 : 몸의 구석구석이 말하기를,고미 타로 글.그림 / 엄기원 옮김,한림출판사
453,도서,어디?-한밤중의 탐험,야마가타 아케미 글.그림 / 박숙경 옮김,한림출판사
454,도서,아기여우와 털장갑,니이미난키치 글 / 구로이켄 그림 / 손경란 옮김,한림출판사
455,도서,순이와 어린동생,쓰쓰이 요리코 글 / 하야시 아키코 그림 / 이영준 옮김,한림출판사
456,도서,산으로 소풍가요,사토 와키코 글.그림 / 고광미 옮김,한림출판사
457,도서,병원에 입원한 내동생,쓰쓰이 요리코 글 / 하야시 아키코 그림 / 이영준 옮김,한림출판사
458,도서,놀라운 동물.식물1 : 동물가족의겨울나기,최홍순 근 / 김성영 그림,두산동아
459,도서,놀라운 동물.식물2 : 춤추는 일개미들,최홍순 글/ 강종훈 그림,두산동아
460,도서,놀라운 동물.식물3 : 코크니의 놀라운 재주,임정진 글 / 이미숙 그림,두산동아
461,도서,놀라운 동물.식물4 : 알록이와 달록이의 날개,최홍순 글 / 김승원 그림,두산동아
462,도서,놀라운 동물.식물6 : 벌코와 나빌리아,최홍순 글 / 박정욱 그림,두산동아
463,도서,놀라운 동물.식물7 : 빨간모자 알갱이와 노란모자 알갱이,최홍순 글 / 이송은 그림,한림출판사
464,도서,놀라운 동물.식물8 : 부지런한 나팔꽃 병정,최홍순 글 / 이기한 그림,한림출판사
465,도서,놀라운 동물.식물9 : 푸르미와 보라미의 초록 이야기,최홍순 글 / 김은영 그림,두산동아
466,도서,놀라운 동물.식물10 : 물바우는 나무박사,최홍순 글 / 김승원 그림,두산동아
467,도서,신기한 자연현상11 : 또또와 뚜뚜의 지구 여행,임정진 글 / 유종호 그림,두산동아
468,도서,신기한 자연현상12 : 아주 아주 큰 도화지,임정진 글 / 김은영 그림,두산동아
469,도서,신기한 자연현상13 : 이사 간 초승달,임정진 글 / 배은정 그림,두산동아
470,도서,신기한 자연현상14 : 반짝반짝 작은 별,임정진 글 / 강종훈 그림,두산동아
471,도서,신기한 자연현상15 : 해님을 닮은 새 루루,임정진 글 / 이병호 그림,두산동아
472,도서,신기한 자연현상16 : 우산들의 행진,최홍순 글 / 이송은 그림,두산동아
473,도서,신기한 자연현상17 : 천둥산이와 번개돌이의 합창,최홍순 글 / 권영재 그림,두산동아
474,도서,신기한 자연현상18 : 겨울마다 찾아오는 눈언니,최홍순 글 / 이병호 그림,두산동아
475,도서,신기한 자연현상19 : 더키박사와 추키박사,최홍순 글 / 이병호 그림,두산동아
476,도서,재미있는 우리 몸21 : 거북 왕자의 눈물,임정진 글 / 조춘희 그림,두산동아
477,도서,재미있는 우리 몸22 : 코감기에 걸린 코코,임정진 글 / 김소나 그림,두산동아
478,도서,재미있는 우리 몸23 : 장난꾸러기 물방울 삼총사,임정진 글 / 노선미 그림,두산동아
479,도서,재미있는 우리 몸24 : 치카푸카 박사의 나들이,임정진 글 / 이병호 그림,두산동아
480,도서,"재미있는 우리 몸25 : 뽕뽕뽕, 방귀 시합",임정진 글 / 이지원 그림,두산동아
481,도서,"냠냠냠 맛있는 음식26 : 음매음매, 우유대장",임정진 글 / 김현정 그림,두산동아
482,도서,냠냠냠 맛,임정진 글 / 조여영 그림,두산동아
483,도서,빠르고 편리한 생활32 : 뗏목 나라 왕자 카누,최홍순 글 / 박철호 그림,두산동아
484,도서,빠르고 편리한 생활33 : 곰둥이와 달나라 공주님,이광웅 글 / 이미숙 그림,두산동아
485,도서,빠르고 편리한 생활34 : 발명왕 꿀봉이,이광웅 글 / 이미숙 그림,두산동아
486,도서,빠르고 편리한 생활35 : 반달곰 마을의 자전거,이광웅 글 / 박정욱 그림,두산동아
487,도서,빠르고 편리한 생활36 : 얼음 마을 소녀 샤샤,최홍순 글 / 김은영 그림,두산동아
488,도서,빠르고 편리한 생활37 : 토봉이의 신나는 그림 상자,이광웅 글 / 최교숙 그림,두산동아
489,도서,빠르고 편리한 생활38 : 키키 원숭이의 바람개비,이광웅 글 / 이송은 그림,두산동아
490,도서,빠르고 편리한 생활39 : 사봉이는 빨래돌이,이광웅 글/ 정효섭 그림,두산동아
491,도서,빠르고 편리한 생활40 : 따르릉 박사 삽사리,이광웅 글 / 권영재 그림,두산동아
492,도서,빠르고 편리한 생활42 : 다람쥐 마을의 불도깨비,이광웅 글 / 박정욱 그림,두산동아
493,도서,한국 우수 전래동화1 : 호랑이와 곶감,조항록 글 / 이희탁 그림,한국 헤밍웨이
494,도서,한국우수 전래동화2 : 도깨비감투,배효정 글 / 김경아 그림,한국헤밍웨이
495,도서,한국우수 전래동화3 : 삼년 고개,신현배 글 / 유승옥 그림,한국헤밍웨이
496,도서,"한국우수 전래동화4 : 솜장수 넷, 고양이 다리 넷",신현배 글 / 김마늘 그림,한국헤밍웨이
497,도서,한국우수 전래동화5 : 울산바위의 비밀,송종호 글 / 강종민 그림,한국헤밍웨이
498,도서,한국우수 전래동화6 : 나도밤나무,송종호 글 / 박준 그림,한국헤밍웨이
499,도서,한국우수 전래동화8 : 홍길동전,조항록 글 / 박철민 그림,한국헤밍웨이
500,도서,한국우수 전래동화9 : 내가 너를 머리에 '이랴',송종호 글 / 이정은 그림,한국헤밍웨이
501,도서,한국우수 전래동화10 : 당나귀 알,송종호 글 / 이정은 그림,한국헤밍웨이
502,도서,한국우수 전래동화11 : 팥죽할미와 호랑이,신현배 글 / 진선미 그림,한국헤밍웨이
503,도서,한국우수 전래동화12 : 꼬리 빠진 호랑이,김주현 글 / 정지예 그림,한국헤밍웨이
504,도서,한국우수 전래동화13 : 임금님 귀는 당나귀 귀,배효정 글 / 박준 그림,한국헤밍웨이
505,도서,한국우수 전래동화14 : 꼬마 사또,김현애 글 / 노성빈 그림,한국헤밍웨이
506,도서,한국우수 전래동화17 : 돼지는 돈 내고 먹는 줄 알았지,이남영 글 / 채종월 그림,한국헤밍웨이
507,도서,한국우수 전래동화18 : 며느리 방귀,배효정 글 / 이갑규 그림,한국헤밍웨이
508,도서,한국우수 전래동화19 : 형님 먼저 아우 먼저,신현배 글 / 정종훈 그림,한국헤밍웨이
509,도서,한국우수 전래동화20 : 북두칠성이 된 형제,송종호 글 / 한창수 그림,한국헤밍웨이
510,도서,한국우수 전래동화22 : 며느릿감 시험,송종호 글 / 양민숙 그림,한국헤밍웨이
511,도서,한국우수 전래동화23 : 해와 달이 된 오누이,김주현 글 / 임운규 그림,한국헤밍웨이
512,도서,한국우수 전래동화24 : 심청전,김현애 글 / 정선경 그림,한국헤밍웨이
513,도서,한국우수 전래동화25 : 옹고집,신현배 글 / 김태현 그림,한국헤밍웨이
514,도서,한국우수 전래동화27 : 혹부리 할아버지,김현애 글 / 낙송재 그림,한국헤밍웨이
515,도서,한국우수 전래동화28 : 돌아라 맷돌아,송종호 글 / 박연철 그림,한국헤밍웨이
516,도서,한국우수 전래동화29 : 콩쥐팥쥐,이남영 글 / 최철민 그림,한국헤밍웨이
517,도서,한국우수 전래동화30 : 금도끼 은도끼,송종호 글 / 이현진 그림,한국헤밍웨이
518,도서,한국우수 전래동화31 : 소원을 들어 주는 항아리,조항록 글 / 이희탁 그림,한국헤밍웨이
519,도서,한국우수 전래동화32 : 죽은 돈과 산 돈,김현애 글 / 황문희 그림,한국헤밍웨이
520,도서,한국우수 전래동화33 : 마고할미,김주현 글 / 노성빈 그림,한국헤밍웨이
521,도서,한국우수 전래동화34 : 선녀와 나무꾼,김주현 글 / 김제진 그림,한국헤밍웨이
522,도서,한국우수 전래동화35 : 나무 도령,김현애 글 / 최경아 그림,한국헤밍웨이
523,도서,한국우수 전래동화36 : 청개구리 이야기,배효정 글/ 김성영 그림,한국헤밍웨이
524,도서,한국우수 전래동화43 : 재주꾼 여섯 형제,신현배 글 / 심성엽 그림,한국헤밍웨이
525,도서,한국우수 전래동화44 : 솥 안에 든 거인,송종호 글 / 신소영 그림,한국헤밍웨이
526,도서,한국우수 전래동화45 : 구렁덩덩 신 선비,김주현 글 / 지정숙 그림,한국헤밍웨이
527,도서,한국우수 전래동화49 : 반쪽이,조항록 글 / 송유진 그림,한국헤밍웨이
528,도서,한국우수 전래동화50 : 도깨비와 개암,신현배 글 / 정기성 그림,한국헤밍웨이
529,도서,한국우수 전래동화51 : 견우와 직녀,조항록 글 / 이진경 그림,한국헤밍웨이
530,도서,한국우수 전래동화52 : 말하는 남생이,배효정 글 / 김세진 그림,한국헤밍웨이
531,도서,한국우수 전래동화53 : 별주부전,조항록 글 / 송향란 그림,한국헤밍웨이
532,도서,한국우수 전래동화54 : 장화홍련전,신현배 글 / 김은정 그림,한국헤밍웨이
533,도서,한국우수 전래동화55 : 연오랑과 세오녀,송종호 글 / 정선경 그림,한국헤밍웨이
534,도서,한국우수 전래동화56 : 우렁이각시,김주현 글 / 전병준 그림,한국헤밍웨이
535,도서,한국우수 전래동화57 : 지네처녀와 구렁이,조항록 글 / 이은천 그림,한국헤밍웨이
536,도서,한국우수 전래동화58 : 바리 공주,김현애 글 / 한창수 그림,한국헤밍웨이
537,도서,한국우수 전래동화59 : 백일홍,김현애 글 / 신지원 그림,한국헤밍웨이
538,도서,한국우수 전래동화60 : 소금 장수와 기름 장수 외,"이지현 글 / 안호균,이관수 그림",한국헤밍웨이
539,도서,한국우수 전래동화61 : 금을 버린 형과 아우 외,"유효진 글 / 안호균, 이관수 그림",한국헤밍웨이
540,도서,한국우수 전래동화62 : 짧아진 바지 외,"김학민 글 / 신경선, 전혜령 그림",한국헤밍웨이
541,도서,한국우수 전래동화63 : 먹으면 죽는 감 외,이규희 글 / 임양 그림,한국헤밍웨이
542,도서,한국우수 전래동화64 : 황새의 재판 외,이상교 글 / 정수연 그림,한국헤밍웨이
543,도서,한국우수 전래동화65 : 개구리 바위 외,강원희 글 / 이연정 그림,한국헤밍웨이
544,도서,한국우수 전래동화66,함영연 글/ 장선환 그림,한국헤밍웨이
545,도서,한국우수 전래동화67 : 요술 항아리 외,"이재희 글 / 조준봉, 정민석",한국헤밍웨이
546,도서,한국우수 전래동화68 : 심술궂은 사또와 산딸기 외,"안선모 글 / 김희경, 이기남 그림",한국헤밍웨이
547,도서,한국우수 전래동화69 : 머리 아홉 달린 괴물 외,"길지연 글/ 장광수, 이기남",한국헤밍웨이
548,도서,한국우수 전래동화70 : 교과서와 함께하는 길잡이 책,,한국헤밍웨이
549,도서,1단계 분류 : 페페와 요술 보자기,정창섭 글 / 이명옥 그림,한국헤밍웨이
550,도서,1단계 분류 : 세 쌍둥이 아기곰,이숙재 글 / 김미선 그림,한국헤밍웨이
551,도서,1단계 분류 : 둥글둥글 모자를 쓴 것은?,조은숙 글 / 이수정 그림,한국헤밍웨이
552,도서,1단계 수와 셈 : 숫자와 놀아요,김윤경 글 / 김은희 그림,한국헤밍웨이
553,도서,1단계 비교.측정 : 누가 빨리 달릴까?,김순한 글 / 손정현 그림,한국헤밍웨이
554,도서,1단계 비교.측정 : 곰돌이와 냄비,황인옥 글 / 차정인 그림,한국헤밍웨이
555,도서,1단계 비교.측정 : 수박 먹고 싶다,양혜정 글/ 나애경 그림,한국헤밍웨이
556,도서,1단계 비교.측정 : 아기사자의 목걸이,강태옥 글 / 김복태 그림,한국헤밍웨이
557,도서,1단계 도형 : 퉁가의 도시 구경,김숙희 글 / 이은경 그림,한국헤밍웨이
558,도서,1단계 도형 : 혼자서는 심심해,김진화 글 / 소윤경 그림,한국헤밍웨이
559,도서,1단계 공간 : 달콤한 크림 케이크 누가 먹었니?,서정아 글 / 연제혜 그림,한국헤밍웨이
560,도서,"1단계 공간 : 야옹아, 미안해",임영미 글 / 정현아 그림,한국헤밍웨이
561,도서,1단계 규칙 : 왕자님의 성이 무너졌어요,정해왕 글 / 장기석 그림,한국헤밍웨이
562,도서,1단계 규칙 : 뒤죽박죽 성의 꼬마 마녀,최수복 글 / 강향영 그림,한국헤밍웨이
563,도서,2단계 분류 : 뚝딱이 아저씨의 새 기계,이희주 글/ 김재홍 그림,한국헤밍웨이
564,도서,2단계 분류 : 허풍쟁이 기사 로시앙,정창섭 글 / 박정인 그림,한국헤밍웨이
565,도서,2단계 수와 셈 : 똑같이 나우어요,박영란 글 / 박선우 그림,한국헤밍웨이
566,도서,"2단계 수와 셈 : 거위, 하늘을 날다",이미경 글 / 노선미 그림,한국헤밍웨이
567,도서,"2단계 수와 셈 : 초콜릿 한 개, 두부 한 모",김향금 글 / 조현주 그림,한국헤밍웨이
568,도서,2단계 수와 셈 : 손가락 거인의 반지,장희정 글 / JK.OH 그림,한국헤밍웨이
569,도서,2단계 비교.측정 : 도깨비와 나그네의 내기,이희주 글 / 이덕진 그림,한국헤밍웨이
570,도서,2단계 비교.측정 : 넙대대 영감과 좁쌀 영감,최옥임 글 / 김수진 그림,한국헤밍웨이
571,도서,2단계 비교.측정 : 무거운 짐은 싫어요,조은숙 글 / 설은영 그림,한국헤밍웨이
572,도서,2단계 비교.측정 : 수리수리 얍!,양승현 글 / 최영화 그림,한국헤밍웨이
573,도서,2단계 도형 : 장난꾸러기 모양 도깨비,강태옥 글 / 윤순정 그림,한국헤밍웨이
574,도서,2단계 도형 : 옹고집 씨의 이상한 하루,엄혜숙 글 / 이샛별 그림,한국헤밍웨이
575,도서,2단계 도형 : 모두 같이 놀아요,박영란 글 / 최민정 그림,한국헤밍웨이
577,도서,2단계 규칙 : 밍치치와 이상한 성,김현진 글 / 정하진 그림,한국헤밍웨이
578,도서,2단계 규칙 : 돌돌이가 송송이네 집에 가요,엄혜숙 글 / 이지희 그림,한국헤밍웨이
579,도서,3단계 분류 : 비 오는 날 밤,김순성 글 / 김영주 그림,한국헤밍웨이
580,도서,3단계 분류 : 공룡왕은 누구일까?,양승현 글 / 박선용 그림,한국헤밍웨이
581,도서,3단계 분류 : 마음씨 고약한 각시손님,김해원 글 / 최현주 그림,한국헤밍웨이
582,도서,3단계 수와 셈 : 떡장수 할,문명식 글 / 박혜경 그림,한국헤밍웨이
583,도서,3단계 수와 셈 : 100개의 손가락,김진화 글 / 고상미 그림,한국헤밍웨이
584,도서,3단계 수와 셈 : 세상에서 가장 큰 고양이,김해원 글 / 김현례 그림,한국헤밍웨이
585,도서,3단계 수와 셈 : 할머니의 과자 가게,이지현 글 / 노승경 그림,한국헤밍웨이
586,도서,"3단계 비교.측정 : 사랑해요, 거미 요정님",이숙재 글 / 김은경 그림,한국헤밍웨이
587,도서,3단계 비교.측정 : 쌍둥이 왕의 꽃밭,장희정 글 / 배은정 그림,한국헤밍웨이
588,도서,3단계 비교.측정 : 바보 형과 바보 아우,나은희 글 / 홍주미 그림,한국헤밍웨이
589,도서,3단계 비교.측정 : 모모시의 생일 초대,최수복 글 / 이형진 그림,한국헤밍웨이
590,도서,3단계 도형 : 분유통을 찾아 주세요,김희남 글 / 차진아 그림,한국훼밍웨이
591,도서,3단계 도형 : 우하하 아저씨,이태용 글 / 김중석 그림,한국헤밍웨이
592,도서,3단계 도형 : 어떤 선물을 할까?,박지인 글 / 신유미 그림,한국헤밍웨이
593,도서,3단계 공간 : 박도령과 저승사자,김은하 글 / 최정인 그림,한국헤밍웨이
594,도서,3단계 공간 : 반달을 찾아가요,김순성 글 / 조재석 그림,한국헤밍웨이
595,도서,3단계 규칙 : 마법 할멈과 꼬마 덜렁이,김순한 글 / 이선영 그림,한국헤밍웨이
596,도서,3단계 규칙 : 토보의 목도리 찾기,정해왕 글 / 강영수 그림,한국헤밍웨이
597,도서,놀이책 : 시원한 물이 찍,이혜진 글 / 이지희 그림,한국헤밍웨이
598,도서,놀이책 : 숫자를 찾아라,호박별 글 / 김미선 그림,한국헤밍웨이
599,도서,놀이책 : 고양이와 생쥐,노은영 글 / 김영주 그림,한국헤밍웨이
600,도서,놀이책 : 재주 많은 개구리,김수희 글 / 구분선 그림,한국헤밍웨이
601,도서,1단계 건강 : 생쥐 아주머니의 선물,신원 글 / 전병준 그림,한국헤밍웨이
602,도서,1단계 건강 : 흉내쟁이 코코,이경은 글 / 김호정 그림,한국헤밍웨이
603,도서,1단계 사회 : 오리네 가족 사진,최수연 글 / 이경원 그림,한국헤밍웨이
604,도서,1단계 사회 : 안아 주세요!,김송아 글 / 손정현 그림,한국헤밍웨이
605,도서,1단계 표현 : 이렇게 생겼으면 좋겠어요,한고운 글 / 한세진 그림,한국헤밍웨이
606,도서,1단계 표현 : 봄이 오는 소리,서영미 글 / 양혜원 그림,한국헤밍웨이
607,도서,"1단계 언어 : 뭘까, 뭘까?",최수연 글 / 이승석 그림,한국헤밍웨이
608,도서,1단계 언어 : 눈 오는 날,김송아 글 / 오승원 그림,한국헤밍웨이
609,도서,1단계 탐구 : 어디어디 숨었나?,서영미 글 / 양혜원 그림,한국헤밍웨이
610,도서,1단계 탐구 : 누가 놓고 갔을까?,신원 글 / 이상윤 그림,한국헤밍웨이
611,도서,2단계 건강 : 바빠서 그랬어!,이경은 글 / 이경희 그림,한국헤밍웨이
612,도서,2단계 건강 : 아기 동물들의 목도리,조은혜 글 / 정수연 그림,한국헤밍웨이
613,도서,2단계 사회 : 즐거운 우리 가족,한고운 글 / 정선경 그림,한국헤밍웨이
614,도서,2단계 사회 : 혼자 할 수 있어요,서영미 글 / 이승석 그림,한국헤밍웨이
615,도서,2단계 표현 : 만약에,신원 글 / 김순영 그림,한국헤밍웨이
616,도서,2단계 표현 : 빙글빙글,서영미 글 / 심수근 그림,한국헤밍웨이
617,도서,2단계 언어 : 아기여우와 달 토끼,서영미 글 / 김소영 그림,한국헤밍웨이
618,도서,3단계 건강 : 물놀이 가자,김송아 / 글 민경순 그림,한국헤밍웨이
619,도서,3단계 건강 : 아기 동물들의 놀이터,조하나 글 / 이갑규 그림,한국헤밍웨이
620,도서,3단계 사회 : 웅덩이는 내 거야!,신원 글 / 이은경 그림,한국헤밍웨이
621,도서,3단계 사회 : 잠깐만 기다려요,최수연 글 / 황정원 그림,한국헤밍웨이
622,도서,3단계 표현 : 장난감 기차가 칙칙폭폭,이경은 글 / 최창훈 그림,한국헤밍웨이
623,도서,3단계 표현 : 장난감 음악대,한고운 글 / 김소영 그림,한국헤밍웨이
624,도서,3단계 언어 : 맛있게 먹으려면,이은정 글 / 문정희 그림,한국헤밍웨이
625,도서,3단계 언어 : 곰 아저씨의 생일 잔치,이경은 글 / 이은선 그림,한국헤밍웨이
626,도서,3단계 탐구 : 꽃밭에서 불러요,조은혜 글 / 김정혜 그림,한국헤밍웨이
627,도서,3단계 탐구 : 욕심꾸러기 아기곰,신원 글 / 심유정 그림,한국헤밍웨이
628,도서,4단계 건강 : 안 먹을래요,이은정 글 / 노성빈 그림,한국헤밍웨이
629,도서,아기하마와 치카 요정,이경은 글 / 전혜령 그림,한국헤밍웨이
630,도서,4단계 사회 : 방귀쟁이 스컹크,이은정 글 / 심춘숙 그림,한국헤밍웨이
631,도서,"4단계 사회 ; 커다란 돌이 데구루루, 쿵!",조하나 글 / 이승수 그림,한국헤밍웨이
632,도서,4단계 표현 : 아빠의 그림자 이야기,조은혜 글 / 홍지혜 그림,한국헤밍웨이
633,도서,4단계 언어 : 귀여운 꼬마의 곰 사냥,최수연 글 / 허성미 그림,한국헤밍웨이
634,도서,4단계 언어 : 재미있는 글자 놀이,한고운 글 / 황시노 그림,한국헤밍웨이
635,도서,4단계 탐구 : 동물들의 춤 연습,최은미 글 / 현은영 그림,한국헤밍웨이
636,도서,4단계 탐구 : 파도는 우리 친구,최은미 글 / 이상미 그림,한국헤밍웨이
637,도서,5단계 건강 : 저도 태워 주세요,신원 글 / 이은복 그림,한국헤밍웨이
638,도서,"5단계 건강 : 싫어요, 병원 갈래요",최수연 글 / 박밀레 그림,한국헤밍웨이
639,도서,5단계 사회 : 토끼들의 선물,이은정 글 / 강영수 그림,한국헤밍웨이
640,도서,5단계 사회 : 소방관이 된 뿌뿌,조하나 글 / 김민정 그림,한국헤밍웨이
641,도서,5단계 표현 : 떡국 이야기,,한국헤밍웨이
642,도서,5단계 표현 ; 엉뚱이의 멋진 옷,조은혜 글 / 이영원 그림,한국헤밍웨이
643,도서,5단계 언어 : 이상한 여행,김송아 글 / 조신애 그림,한국헤밍웨이
644,도서,5단계 언어 : 우리 엄마가 좋아!,최은미 글 / 정윤철 그림,한국헤밍웨이
645,도서,5단계 탐구 : 똑딱 임금님과 시계,조하나 글 / 이은복 그림,한국헤밍웨이
646,도서,5단계 탐구 : 아주아주 큰 알,이은정 글 / 한수진 그림,한국헤밍웨이
647,도서,예의바른 동쪽 나라1 : 해 뜨는 동쪽 나라를 열어라,김이하 글 / 이남구 그림,한국헤밍웨이
648,도서,예의바른 동쪽 나라2 : 벽화 속으로 떠나는 여행,송은명 글 / 최철민 그림,한국헤밍웨이
649,도서,예의바른 동쪽 나라3 : 열두 띠 이야기,오경문 글 / 한창수 그림,한국헤밍웨이
650,도서,예의바른 동쪽 나라4 - 우리 나라는 내가 지켜요,오경문 글 / 이관수 그림,한국헤밍웨이
651,도서,"예의바른 동쪽 나라5 : 마마, 공부할 시간이옵니다",김정호 글 / 김수경 그림,한국헤밍웨이
652,도서,예의바른 동쪽 나라6 : 일본에 전해 준 우리 문화,송은명 글 / 이상미 그림,한국헤밍웨이
653,도서,예의바른 동쪽 나라7 : 알기 쉬운 예절 이야기,송은명 글 / 홍영지 그림,한국헤밍웨이
654,도서,"예의바른 동쪽 나라8 : 둥둥둥 북, 뎅그렁 데그렁 종",오경문 글 / 한창수 그림,한국헤밍웨이
655,도서,신명나는 놀이와 풍습1 : 얼쑤! 한바탕 놀아보세,김이하 글 / 정성화 그림,한국헤밍웨이
656,도서,신명나는 놀이와 풍습2 : 대보름날 왜 약밥을 먹을까,김정호 글 / 장은정 그림,한국헤밍웨이
657,도서,신명나는 놀이와 풍습3 : 귀신아 물렀거라! 전하대장군 지하여장군,김이하 글 / 최철민 그림,한국헤밍웨이
658,도서,신녕나는 놀이와 풍습4 : 날아라 자치기,김정호 글 / 조민경 그림,한국헤밍웨이
659,도서,신명나는 놀이와 풍습5 : 도깨비를 물리친 탈,오경문 글 / 박준 그림,한국헤밍웨이
660,도서,신명나는 놀이와 풍습6 : 헌 이 줄게 새 이 다오,송은명 글 / 윤순정 그림,한국헤밍웨이
661,도서,신명나는 놀이와 풍습,송은명 글 / 이윤하 그림,한국헤밍웨이
662,도서,신명나는 놀이와 풍습8 : 연지곤지 시집가는 날,오경문 글 / 신경선 그림,한국헤밍웨이
663,도서,"맛있는 우리 먹거리1 : 푸짐한 밥상, 소박한 밥상",김정호 글 / 최경아 그림,한국헤밍웨이
664,도서,맛있는 우리 먹거리2 : 아삭아삭 나는 김치가 좋아,김정호 글 / 오은영 그림,한국헤밍웨이
665,도서,맛있는 우리 먹거리3 : 맛있는 밥 영양가득 쌀,김사벳 글 / 김미란 그림,한국헤밍웨이
666,도서,맛있는 우리 먹거리4 : 맛맛맛 팔도 음식 여행,김정호 글 / 장인찬 그림,한국헤밍웨이
667,도서,맛있는 우리 먹거리5 : 쑥떡쑥떡 떡잔치,오경문 글 / 유승옥 그림,한국헤밍웨이
668,도서,맛있는 우리 먹거리6 : 옛날 옛적 군 음식,김이하 글 / 유혜광 그림,한국헤밍웨이
669,도서,맛있는 우리 먹거리7 : 시끌벅적 시골장터,김정호 글 / 전병준 그림,한국헤밍웨이
670,도서,아름다움과 멋1 : 병아리를 채 가는 고양이,김정호 글 / 이주록 그림,한국헤밍웨이
671,도서,아름다움과 멋2 : 아름다운 우리 문양,김이하 글 / 장혜련 그림,한국헤밍웨이
672,도서,아름다움과 벗3 : 덜거덕 쉬익 탁 베 짜기,송은명 글 / 정선화 그림,한국헤밍웨이
673,도서,아름다움과 멋4 : 하늘을 담은 쪽빛,오경문 글 / 이영옥 그림,한국헤밍웨이
674,도서,아름다움과 멋5 : 아름다운 우리네 장신구,김사벳 글 / 전수진 그림,한국헤밍웨이
675,도서,아름다움과 멋6 : 흙으로 빚은 토기와 자기,김이하 글 / 염조원 그림,한국헤밍웨이
676,도서,아름다움과 멋7 : 꼬까옷 입고 나들이 가는 날,김이하 글 / 전수진 그림,한국헤밍웨이
677,도서,편리한 생활의 발견4 : 여영차 수레바퀴,송은명 글 / 이희탁 그림,한국헤밍웨이
678,도서,"편리한 생활의 발견5 : 이랴! 소야, 쟁기 좀 끌어라",김이하 글 / 류동필 그림,한국헤밍웨이
679,도서,편리한 생활의 발견6 : 볏짚의 꿈,송은명 글 / 김옥재 그림,한국헤밍웨이
680,도서,편리한 생활의 발견7 : 망태 메고 고기 잡으러 가요,오경문 글 / 이관수 그림,한국헤밍웨이
681,도서,자연에서 얻은 생활의 지혜2 : 참숯의 비밀,김이하 글 / 이선영 그림,한국헤밍웨이
682,도서,자연에서 얻은 생활의 지혜3 : 예쁜 소금 맛 좋은 소금,김정호 글 / 장선환 그림,한국헤밍웨이
683,도서,자연에서 얻은 생활의 지혜4 : 메주야 메주야 익어라,김정호 글 / 홍영지 그림,한국헤밍웨이
684,도서,자연에서 얻은 생활의 지혜5 : 임금의 병을 치료한 온천,이남영 글 / 이연정 그림,한국헤밍웨이
685,도서,자연에서 얻은 생활의 지혜6 : 천 년의 기록 한지,김이하 글 / 장인찬 그림,한국헤밍웨이
686,도서,자연에서 얻은 생활의 지혜7 : 내 솜씨가 제일 좋아,김정호 글 / 박철민 그림,한국헤밍웨이
687,도서,자랑스러운 우리 과학1 : 바다를 지키는 거북선,오경문 글 / 박동국 그림,한국헤밍웨이
688,도서,자랑스러운 우리 과학2 : 해랑 물로 시간을 안대요,송은명 글 / 정경희 그림,한국헤밍웨이
689,도서,자랑스러운 우리 과학3 : 세상에서 가장 아름다운 탑,오경문 글 / 하현이 그림,한국헤밍웨이
690,도서,자랑스러운 우리 과학4 : 항아리가 숨을 쉬어요,김이하 글 / 서숙희 그림,한국헤밍웨이
691,도서,"자랑스러운 우리 과학5 : 불씨야, 밤새 안녕?",김이하 글 / 한미경 그림,한국헤밍웨이
692,도서,자랑스러운 우리 과학6 : 초가집 기와집,송은명 글 / 정윤주 그림,한국헤밍웨이
693,도서,1단계 아주작은3 : 슈퍼 샘이 최고야!,로리 리즈 글 / 슈 라마 그림 / 배지희 옮김,한국헤밍웨이
694,도서,1단계 아주작은4 : 너는 사랑스러운 아가란다,빌리 콜린스 글 / 메기 닌 그림 / 배지희 옮김,한국헤밍웨이
695,도서,1단계 아주작은5 : 엄마가 된 데이지,리사 코퍼 글.그림 / 배지희 옮김,한국헤밍웨이
696,도서,1단계 아주작은6 : 나는 누구일까요?,프랑수아 로버트 글 / 배지희 옮김,한국헤밍웨이
697,도서,1단계 아주작은7 : 버지가 아파요,헤리엇 지퍼트 글 / 에밀리 볼럼 그림 / 배지희 옮김,한국헤밍웨이
698,도서,1단계 아주작은8 : 아빠가 최고 좋아요,댄 앤드린슨 글.그림 / 배지희 옮김,한국헤밍웨이
699,도서,1단계 아주작은9 : 나는 네가 좋아!,케빈 루트하르트 글.그림 / 배효정 옮김,한국헤밍웨이
700,도서,2단계 사랑달콩2 : 뱀으로 줄넘기를 해요,캐럴 앤 더피 글 / 리디아 몽크스 / 서이영 옮김,한국헤밍웨이
701,도서,2단계 사랑달콩3 : 빨간 공,마티아스 글 / 가비 반 에메리치 그림 / 배지희 옮김,한국헤밍웨이
702,도서,2단계 사랑달콩4 : 올리는 뭐든지 싫대요,토니 케니언 글.그림 / 고남희 옮김,한국헤밍웨이
703,도서,2단계 사랑달콩5 : 나는 하늘을 날 수 있어,룻 크루스 글 / 메리 블레어 그림 / 배지희 옮김,한국헤밍웨이
704,도서,2단계 사랑달콩6 : 사랑이 꽃 피는 집,벨 훅스 글 / 쉐인w.이반스 그림 / 배지희 옮김,한국헤밍웨이
705,도서,2단계 사랑달콩8 : 고마운 첫눈,베네뜨 포드 글 / 세바스찬 브라운 그림 / 배지희 옮김,한국헤밍웨이
706,도서,3단계 생각쑥쑥1 : 눈은 이름이 참 많아요,주디K. 비치 글 / 로레타 크러핀스키 그림 / 서이영 옮김,한국헤밍웨이
707,도서,3단계 생각쑥쑥2 : 욕심쟁이 새,엘리슨 보일러 글 / 데이비드 요토비즈 그림 / 김이경 옮김,한국헤밍웨이
708,도서,3단계 생각쑥쑥3 : 어디서 나는 소리일까요?,안네 미란다 글 / 로스 콜린스 그림 / 박환일 옮김,한국헤밍웨이
709,도서,3단계 생각쑥쑥4 : 끈적끈적 풍선껌,리사 휠러 글 / 로사 헐리스카 베이스 그림 / 유혜경 옮김,한국헤밍웨이
710,도서,3단계 생각쑥쑥6 : 나쁜 강아지,헬렌 스테판스 글.그림 / 김현애 옮김,한국헤밍웨이
711,도서,4단계 지혜 솔솔1 : 리키의 신나는 놀이,귀도 반 제네치텐 글.그림 / 유혜경 옮김,한국헤밍웨이
712,도서,4단계 지혜솔솔2 : 아주 운수 좋은 날,게이코 가스자 글.그림 / 박찬석 옮김,한국헤밍웨이
713,도서,4단계 지혜솔솔3 : 펭귄 패팽,루시 파피노 글 / 마리졸 사라쟁 그림 / 김현주 옮김,한국헤밍웨이
714,도서,4단계 지혜솔솔4 : 모든 것을 나누어 가질거야,린 깁스 글 / 멜라니 미첼 그림 / 김현주 옮김,한국헤밍웨이
715,도서,4단계 지혜솔솔6 : 이상한 애완동물,쥘 맥엘머리 글.그림 / 배지희 옮김,한국헤밍웨이
716,도서,"4단계 지혜솔솔7 : 쉬! 파리야, 저리가",이자 트라파니 글.그림 / 김현애 옮김,한국헤밍웨이
717,도서,5단계 용기백배1 : 뿔토끼,"재닛 스티븐스, 수잔 스티븐스 크러멜 글 / 재닛 스티븐스 그림 / 박찬석 옮김",한국헤밍웨이
718,도서,5단계 용기백배2 : 아프리카에서 온 그림엽서,"옌스 틸래, 마티아스 프리드리히 글 / 자비네 비머스 그림 / 박환일 옮김",한국헤밍웨이
719,도서,5단계 용기백배3 : 행복한 강아지,리사 그럽 글.그림 / 박찬석 옮김,한국헤밍웨이
720,도서,5단계 용기백배4 : 레이첼 농장의 가수들,에밀리 혼 글 / 우르슐라 뷔허 그림 / 이은숙 옮김,한국헤밍웨이
721,도서,5단계 용기백배6 : 농부 베커 씨의 행복한 휴가,크리스티안 틸만 글 / 다니엘 나프 그림 / 박환일 옮김,한국헤밍웨이
722,도서,5단계 용기백배7 : 토끼의 달,페트리샤 허벨 글 / 웬디 왓슨 그림 / 이은숙 옮김,한국헤밍웨이
723,도서,6단계 재미팡팡1 : 즐거운 소풍 가는 날,울리케 카우프 글 / 바헤트 카크단 / 서순승 옮김,한국헤밍웨이
724,도서,6단계 재미팡팡2 : 머리카락을 내려 주세요,리 윌콕스 글 / 리디아 몽크스 그림 / 박찬석 옮김,한국헤밍웨이
725,도서,6단계 재미팡팡3 : 거꾸로 나라에 간 안나,"클라우스 페터 볼프,베티나 괴슐 글 / 마리아 블라제프스키 그림 / 서순승 옮김",한국헤밍웨이
726,도서,6단계 재미팡팡5 : 용감한 세 친구의 모험,울리히 마스케 글 / 소냐 보우게바 그림 / 서순승 옮김,한국헤밍웨이
727,도서,6단계 재미팡팡6 : 토끼 우편,얀 츠베르크 글 / 지그린트 케슬러 / 박환일 옮김,한국헤밍웨이
728,도서,6단계 재미팡팡7 : 애완용 물고기 점박이,제니퍼P. 골드핑어 글.그림 / 김이경 옮김,한국헤밍웨이
729,도서,7단계 눈이번뜩1 : 노알의 편지,아마누마 하루키 글 / 오오사와 치카 그림 / 이진숙 옮김,한국헤밍웨이
730,도서,7단계 눈이번뜩2 : 파리 릴리의 집,디즈 웰리스 글.그림 / 이은숙 옮김,한국헤밍웨이
731,도서,7단계 눈이번뜩3 : 꿈이 뭐예요?,세르히오 모라 글.그림 / 전수연 옮김,한국헤밍웨이
732,도서,7단계 눈이번뜩4 : 무슨 줄일까?,위베르 벵 케모엥 글/ 세바스티앙 무렝 그림 / 김현주 옮김,한국헤밍웨이
733,도서,7단계 눈이번뜩6 : 강아지 음악대,세르히오 모라 글.그림 / 전수현 옮김,한국헤밍웨이
734,도서,교훈과 지혜를 안겨 주는 이야기6 : 황금 거위,그림 형제 원작 / 배효정 글 / 이화진 그림,한국헤밍웨이
735,도서,교훈과 지혜를 안겨 주는 이야기7 : 양치기 소년,이솝 원작 / 배효정 글 / 이은경 그림,한국헤밍웨이
736,도서,따뜻한 감성을 키워 주는 이야기9 : 사람은 무엇으로 사는가,톨스터이 원작 / 김현애 글 / 류동필 그림,한국헤밍웨이
737,도서,따뜻한 감성을 키워 주는 이야기10 : 소녀와 늑대,에이빈트 욘손 원작 / 함영연 글 / 김용옥 그림,한국헤밍웨이
738,도서,사랑과 감동을 주는 이야기1 : 백조의 호수,블라디미르 베기체프 원작 / 조항록 글 / 심춘숙 그림,한국훼밍웨이
739,도서,사랑과 감동을 주는 이야기2 - 백설공주,형제 원작그림 / 신현배 글 / 박민희 그림,한국훼밍웨이
740,도서,사랑과 감동을 주는 이야기3 : 개구리 왕자,그림 형제 원작/ 이림 글 / 임운규 그림,한국훼밍웨이
741,도서,사랑과 감동을 주는 이야기4 : 빨간 장미 하얀 눈,그림 형제 원작 / 길지연 글 / 최영란 그림,한국헤밍웨이
742,도서,사랑과 감동을 주는 이야기5 : 크리스마스 선물,0. 헨리 원작 / 배효정 글 / 허성미 그림,한국헤밍웨이
743,도서,신나는 모험을 떠나는 이야기6 : 신드바드의 모험,아라비아 설화 원작 / 유효진 글 / 조준봉 그림,한국헤밍웨이
744,도서,한국우수 전래동화7 : 멸치의 꿈,조항록 글 / 신지원 그림,한국헤밍웨이
745,도서,1단계 도형 : 누구의 사진일까요?,김현진 글 / 김상아 그림,한국헤밍웨이
746,도서,2단계 분류 : 누구 짓이지?,김은하 글 / 방기황 그림,한국헤밍웨이
747,도서,편리한 생활의 발견3: 돈 나와라 뚝딱!,오경문 글 / 김남주 그림,한국헤밍웨이
748,도서,1단계 아주작은1 : 신나게 달리는 차! 차! 차!,"월턴, 앤 월턴 글 / 제임스 리 크로프트 그림",한국헤밍웨이
749,도서,1단계 아주작은2 : 저건 무엇일까요?,로저 맥고우 / 리디아 몽스 그림 / 박환일 옮김,한국헤밍웨이
750,도서,한국우수 전래동화37 : 할미꽃,신현배 글 / 윤지현 그림,한국헤밍웨이
751,도서,한국우수 전래동화38 : 은혜 갚은 호랑이,조항록 글/ 윤덕진 그림,한국헤밍웨이
752,도서,한국우수 전래동화39 : 젊어지는 샘물,송종호 글 / 전혜령 그림,한국헤밍웨이
753,도서,난 책읽기가 좋아 1단계 : 우후의 빨간 썰매,간자와 도시코 글. 이노우에 요스케 그림/ 권위숙 옮김,비룡소
754,도서,마음과 생각이 크는 책1 : 화가 나는 건 당연해!,미셜린느 먼디 글/ R.W.앨리 그림 / 노은정 옮김,비룡소
755,도서,모음 숨은그림찾기 : 야금야금 사과,정지영.정혜영 글/그림,비룡소
756,VIDEO,펭귄 : 위대한 모험. disc 1,,케이디미디어
757,VIDEO,내셔널 지오그래픽 Really Wild Animals : 동물농장의 친구들,내셔널 지오그래픽,미디아트비전
758,도서,집 나가자 꿀꿀꿀,야규 마치코 글·그림;고향옥 옮김,웅진닷컴
759,도서,고사리손 요리책,배영희 지음;정유정 그림,길벗어린이
760,도서,예방주사 무섭지 않아!,"후카미 하루오 글,그림;이영준 옮김",한림
761,도서,으뜸 헤엄이,레오 리오니 글·그림;이명희 옮김,마루벌
762,도서,해치와 괴물 사형제,정하섭 글씀;한병호 그림,길벗어린이
763,도서,떡잔치,강인희;정대영 그림,보림
764,도서,뽀글뽀글 첨벙첨벙,이진아 그림;이창호 사진,웅진출판
765,도서,기계들은 무슨 일을 하지?,바이런 바튼 글·그림;최리을 옮김,비룡소
766,도서,기계들은 무슨 일을 하지?,바이런 바튼 글·그림;최리을 옮김,비룡소
767,도서,우리 아이 처음 만나는 명화 반고흐부터 비발디까지,황성옥,비엠코리아
768,VIDEO,내셔널 지오그래픽 GEO Kids : 아기동물의 세계,내셔널 지오그래픽,미디아트비전
769,VIDEO,내셔널 지오그래픽 GEO Kids : 변태하는 동물,내셔널 지오그래픽,미디아트비전
770,VIDEO,내셔널 지오그래픽 GEO Kids : 동물들의 장기자랑,내셔널 지오그래픽,미디아트비전
771,VIDEO,내셔널 지오그래픽 GEO Kids : 굴속에 사는 동물,내셔널 지오그래픽,미디아트비전
772,VIDEO,내셔널 지오그래픽 GEO Kids : 날개달린 동물,내셔널 지오그래픽,미디아트비전
773,VIDEO,내셔널 지오그래픽 Really Wild Animals : 개와 고양이에 관한 진실,내셔널 지오그래픽,미디아트비전
774,VIDEO,내셔널 지오그래픽 Really Wild Animals : 원숭이와 영장류 동물들,내셔널 지오그래픽,미디아트비전
775,VIDEO,내셔널 지오그래픽 Really Wild Animals : 집짓기 대소동,내셔널 지오그래픽,미디아트비전
776,VIDEO,내셔널 지오그래픽 Really Wild Animals : 비밀무기와 대탈출,내셔널 지오그래픽,미디아트비전
777,VIDEO,"Between the Lions : Red Hat, Green Hat",,미디어 서비스21
778,VIDEO,Between the Lions : Little Big Mouse,,미디어 서비스21
779,VIDEO,Between the Lions : The Lost Rock,,미디어 서비스21
780,VIDEO,Between the Lions : The Lucky Duck,,미디어 서비스21
781,VIDEO,톰과 제리 4,,
782,VIDEO,톰과 제리 5,,
783,VIDEO,레오 리오니의 동물우화,"지율리오 지아니니, 레오 리오니",베네딕도 미디어
784,도서,새로 다듬고 엮은 전래동요,백창우,보림
785,도서,새로 다듬고 엮은 전래동요,백창우,보림
786,도서,넌 누구니?,엄혜숙 글;이억배 그림,다섯수레
787,도서,둥둥 북을 쳐요,다섯수레 글;조혜란 그림,다섯수레
788,도서,둥둥 북을 쳐요,다섯수레 글;조혜란 그림,다섯수레
789,도서,부르릉 자동차가 달려요,다섯수레 편집부 엮음;최나미 그림,다섯수레
790,도서,두껍아 두껍아,임석재 시;유진희 그림,다섯수레
791,도서,두껍아 두껍아,임석재 시;유진희 그림,다섯수레
792,도서,빨강 빨강 앵두,전래동요;권문희 그림,다섯수레
793,도서,빨강 빨강 앵두,전래동요;권문희 그림,다섯수레
794,도서,엄마 품에 누가 누가 잠자나?,전래동요;한유민 그림,다섯수레
795,도서,엄마 품에 누가 누가 잠자나?,전래동요;한유민 그림,다섯수레
796,도서,가나다,엄혜숙 글;한지희 그림,다섯수레
797,도서,하나 둘 셋,엄혜숙 시;변정연 그림,다섯수레
798,도서,하나 둘 셋,엄혜숙 시;변정연 그림,다섯수레
799,도서,내 것은 무엇이나 작아요,신현득 시;서은영 그림,다섯수레
800,도서,내 것은 무엇이나 작아요,신현득 시;서은영 그림,다섯수레
801,도서,아빠하고 나하고,다섯수레 글·구성;김성민 그림,다섯수레
802,도서,꼬마야 꼬마야,다섯수레 글 구성;정순희 그림,다섯수레
803,도서,꼬마야 꼬마야,다섯수레 글 구성;정순희 그림,다섯수레
804,도서,엄마 품은 따뜻해요,이은수 글;나애경 그림,다섯수레
805,도서,엄마 품은 따뜻해요,이은수 글;나애경 그림,다섯수레
806,도서,어흥 누구게?,이진아 그림;이창호 사진,웅진출판
807,도서,어흥 누구게?,이진아 그림;이창호 사진,웅진출판
808,도서,뛰뛰빵빵 자동차,이진아 그림;이창호 사진,웅진출판
809,도서,뛰뛰빵빵 자동차,이진아 그림;이창호 사진,웅진출판
810,도서,뽀글뽀글 첨벙첨벙,이진아 그림;이창호 사진,웅진출판
811,도서,예쁘게 예쁘게,이진아 그림;이창호 사진,웅진출판
812,도서,예쁘게 예쁘게,이진아 그림;이창호 사진,웅진출판
813,도서,냠냠 쩝쩝 맛있게,이진아 그림;이창호 사진,웅진출판
814,도서,엄마 뽀뽀,이진아 그림;이창호 사진,웅진출판
815,도서,아빠 뽀뽀,이진아 그림;이창호 사진,웅진출판
816,도서,딩동댕 우리집,이진아 그림;이창호 사진,웅진출판
817,도서,어디 숨었지,이태수 세밀화;유진희 그림,보리
818,도서,나도 태워줘,이태수 세밀화;변정연 그림,보리
819,도서,나도 태워줘,이태수 세밀화;변정연 그림,보리
820,도서,이것 좀 봐,이태수 세밀화;차정인 그림,보리
821,도서,이것 좀 봐,이태수 세밀화;차정인 그림,보리
822,도서,호호 매워,이태수 세밀화;서은영 그림,보리
823,도서,엄마 엄마,이태수 세밀화;김성민 그림,보리
824,도서,엄마 엄마,이태수 세밀화;김성민 그림,보리
825,도서,꼭꼭 숨어라,권혁도 세밀화;박영신 그림,보리
826,도서,꼭꼭 숨어라,권혁도 세밀화;박영신 그림,보리
827,도서,냠냠 짭짭,이태수 세밀화;서은영 그림,보리
828,도서,냠냠 짭짭,이태수 세밀화;서은영 그림,보리
829,도서,이게 뭐야,이태수 세밀화;최호철 그림,보리
830,도서,이게 뭐야,이태수 세밀화;최호철 그림,보리
831,도서,미꾸리는 길어,정태련 세밀화;박경진 그림,보리
832,도서,미꾸리는 길어,정태련 세밀화;박경진 그림,보리
833,도서,한 마리만 줘,[보리출판사 편집부 편];윤봉선,보리
834,도서,한 마리만 줘,[보리출판사 편집부 편];윤봉선,보리
835,도서,얘들아 뭐하니,[보리출판사 편집부 편];윤봉선,보리
836,도서,얘들아 뭐하니,[보리출판사 편집부 편];윤봉선,보리
837,도서,나무야 안녕,도토리 기획 편집;이제호,보리
838,도서,새야 새야,도토리 기획 편집;윤봉선 그림,보리
839,도서,내 놀잇감 친구들,아츠코 모로즈미 글;하늘땅별땅 옮김,베틀북
840,도서,"엄마, 놀이터에 가요",아츠코 모로즈미 지음;하늘땅별땅 옮김,베틀북
841,도서,"엄마, 놀이터에 가요",아츠코 모로즈미 지음;하늘땅별땅 옮김,베틀북
842,도서,"아빠, 도와 드릴게요",아츠코 모로즈미 지음;하늘땅별땅 옮김,베틀북
843,도서,"아빠, 도와 드릴게요",아츠코 모로즈미 지음;하늘땅별땅 옮김,베틀북
844,도서,"안녕, 이제 잘래요",아츠코 모로즈미 지음;하늘땅별땅 옮김,베틀북
845,도서,예방주사 무섭지 않아!,"후카미 하루오 글,그림;이영준 옮김",한림
846,도서,집 나가자 꿀꿀꿀,야규 마치코 글·그림;고향옥 옮김,웅진닷컴
847,도서,으뜸 헤엄이,레오 리오니 글·그림;이명희 옮김,마루벌
848,도서,해치와 괴물 사형제,정하섭 글씀;한병호 그림,길벗어린이
849,도서,푸른 개,나자 글·그림;최윤정 옮김,주니어파랑새
850,도서,푸른 개,나자 글·그림;최윤정 옮김,주니어파랑새
851,도서,낮잠 자는 집,오도리 우드 글;돈 우드 그림,보림
852,도서,낮잠 자는 집,오도리 우드 글;돈 우드 그림,보림
853,도서,떡잔치,강인희;정대영 그림,보림
854,도서,무엇이 있을까요?,멜라니 워시 글.그림,시공사
855,도서,구리와 구라의 빵 만들기,나카가와 리에코 글;오무라 유리코 그림,한림출판사
856,도서,구리와 구라의 빵 만들기,나카가와 리에코 글;오무라 유리코 그림,한림출판사
857,도서,병원에 입원한 가스파르,안느 구트망 글;게오르그 할렌스레벤 그림,비룡소
858,도서,병원에 입원한 가스파르,안느 구트망 글;게오르그 할렌스레벤 그림,비룡소
859,도서,손이 나왔네,하야시 아키코 글·그림;이영준 옮김,한림출판사
860,도서,난 토마토 절대 안먹어,로렌 차일드 글.그림;조은수 번역,국민서관
861,도서,난 토마토 절대 안먹어,로렌 차일드 글.그림;조은수 번역,국민서관
862,도서,누구 발자국일까?,밀리센트 엘리스 셀샘 글;마를레너 힐 던리 그림,비룡소
863,도서,누구 발자국일까?,밀리센트 엘리스 셀샘 글;마를레너 힐 던리 그림,비룡소
864,도서,눈오는 날,"에즈라 잭, 키츠 글.그림;김소희 옮김",비룡소
865,도서,눈오는 날,"에즈라 잭, 키츠 글.그림;김소희 옮김",비룡소
866,도서,우리몸의 구멍,허은미 글;이혜리 그림,돌베개어린이
867,도서,우리몸의 구멍,허은미 글;이혜리 그림,돌베개어린이
868,도서,난 병이 난게 아니야,카도노 에이코 글;다루이시 마코 그림,한림출판사
869,도서,내 사랑 뿌뿌,케빈 헹크스 글·그림;이경혜 옮김,비룡소
870,도서,내 사랑 뿌뿌,케빈 헹크스 글·그림;이경혜 옮김,비룡소
871,도서,네발나비,안은영 글 그림,돌베개어린이
872,도서,네발나비,안은영 글 그림,돌베개어린이
873,도서,파란 풍선,"믹 잉크펜 글,그림;정인숙 옮김",사랑이
874,도서,파란 풍선,"믹 잉크펜 글,그림;정인숙 옮김",사랑이
875,도서,"엄마, 공주옷 입을래요",도리스 되리 글;율리아 케르겔 그림,베틀북
876,도서,"엄마, 공주옷 입을래요",도리스 되리 글;율리아 케르겔 그림,베틀북
877,도서,비 오는 날 또 만나자,사토우치 아이;히로노 다카코 그림,한림
878,도서,비 오는 날 또 만나자,사토우치 아이;히로노 다카코 그림,한림
879,도서,토끼의 소원,윤열수;이호백 [공]기획·글,재미마주
880,도서,토끼의 소원,윤열수;이호백 [공]기획·글,재미마주
881,도서,아기곰의 가을 나들이,데지마 게이자부로 글.그림;정근 옮김,보림
882,도서,아기곰의 가을 나들이,데지마 게이자부로 글.그림;정근 옮김,보림
883,도서,말괄량이 기관차 치치,버지니아 리 버튼 글.그림;홍연미 옮김,시공주니어
884,도서,말괄량이 기관차 치치,버지니아 리 버튼 글.그림;홍연미 옮김,시공주니어
885,도서,와글와글 어떤 동물일까?,오렐리 란채 글;알랭 크로종 그림,웅진닷컴
886,도서,와글와글 어떤 동물일까?,오렐리 란채 글;알랭 크로종 그림,웅진닷컴
887,도서,우리끼리 가자,윤구병 글;이태수 그림,보리
888,도서,우리끼리 가자,윤구병 글;이태수 그림,보리
889,도서,기차,박은영 글·그림,비룡소
890,도서,(까치와 소담이의)수수께끼 놀이,김성은 글;김종도 그림,사계절
891,도서,(까치와 소담이의)수수께끼 놀이,김성은 글;김종도 그림,사계절
892,도서,"얘들아, 모여 봐!",로트라우트 수잔네 베르너 글.그림;박찬일 옮김,비룡소
893,도서,"얘들아, 모여 봐!",로트라우트 수잔네 베르너 글.그림;박찬일 옮김,비룡소
894,도서,기계들은 무슨 일을 하지?,바이런 바튼 글·그림;최리을 옮김,비룡소
895,도서,기계들은 무슨 일을 하지?,바이런 바튼 글·그림;최리을 옮김,비룡소
896,도서,꼬마 구름 파랑이,토미 웅거러 글 그림;이현정 옮김,비룡소
897,도서,꼬마 구름 파랑이,토미 웅거러 글 그림;이현정 옮김,비룡소
898,도서,조각이불,앤 조나스 글 ·그림;나희덕 옮김,비룡소
899,도서,조각이불,앤 조나스 글 ·그림;나희덕 옮김,비룡소
900,도서,"코를 ""킁킁""",루스 크라우스 글;마크 사이먼트 그림,비룡소
901,도서,"코를 ""킁킁""",루스 크라우스 글;마크 사이먼트 그림,비룡소
902,도서,그건 내 조끼야,나카에 요시오 글;우에노 노리코 그림,비룡소
903,도서,그건 내 조끼야,나카에 요시오 글;우에노 노리코 그림,비룡소
904,도서,마녀 위니,코키 폴 그림;밸러리 토머스 글,비룡소
905,도서,마녀 위니,코키 폴 그림;밸러리 토머스 글,비룡소
906,도서,도대체 그동안 무슨 일이 일어났을까?,이호백 글.그림,재미마주
907,도서,파랑이와 노랑이,레오 리오니 글·그림;이경혜 옮김,파랑새어린이
908,도서,바바빠빠,아네트 티종;탈루스 테일러 [같이]그림·글,시공주니어
909,도서,바바빠빠,아네트 티종;탈루스 테일러 [같이]그림·글,시공주니어
910,도서,쥐돌이는 화가,이호백 글.그림,비룡소
911,도서,쥐돌이는 화가,이호백 글.그림,비룡소
912,도서,치과의사 도소토 선생님,"윌리엄 스타이그 글,그림;조은수 옮김",비룡소
913,도서,치과의사 도소토 선생님,"윌리엄 스타이그 글,그림;조은수 옮김",비룡소
914,도서,(세밀화로 보는) 곤충의 생활,권혁도 글·그림,길벗어린이
915,도서,(세밀화로 보는) 곤충의 생활,권혁도 글·그림,길벗어린이
916,도서,눈오는 밤,"닉 버터워스 글, 그림;강인 옮김",사계절출판사
917,도서,눈오는 밤,"닉 버터워스 글, 그림;강인 옮김",사계절출판사
918,도서,간식을 먹으러 온 호랑이,주디스 커 지음;최정선 옮김,보림
919,도서,간식을 먹으러 온 호랑이,주디스 커 지음;최정선 옮김,보림
920,도서,목욕은 즐거워,교코 마스오카 글;하야시 아키코 그림,한림출판사
921,도서,목욕은 즐거워,교코 마스오카 글;하야시 아키코 그림,한림출판사
922,도서,어둠을 무서워하는 꼬마 박쥐,바게너 G. 글;E. 우르베루아가 그림,비룡소
923,도서,어둠을 무서워하는 꼬마 박쥐,바게너 G. 글;E. 우르베루아가 그림,비룡소
924,도서,새색시,박현정 [저],초방책방
925,도서,새색시,박현정 [저],초방책방
926,도서,(재주 많은)다섯 친구,양재홍 글;이춘길 그림,보림
927,도서,(재주 많은)다섯 친구,양재홍 글;이춘길 그림,보림
928,도서,"엄마, 안녕",유키 모이라 글;후쿠다 유키히로 사진,웅진닷컴
929,도서,"엄마, 안녕",유키 모이라 글;후쿠다 유키히로 사진,웅진닷컴
930,도서,숨쉬는 항아리,정병락 글;박완숙 그림,보림출판사
931,도서,숨쉬는 항아리,정병락 글;박완숙 그림,보림출판사
932,도서,"엄마, 난 이 옷이 좋아요",권윤덕 글 그림,재미마주
933,도서,"엄마, 난 이 옷이 좋아요",권윤덕 글 그림,재미마주
934,도서,앨피가 일등이예요,셜리 휴즈 지음;조숙은 옮김,보림
935,도서,앨피가 일등이예요,셜리 휴즈 지음;조숙은 옮김,보림
936,도서,나 너 좋아해,신순재 글;차정인 그림,돌베개어린이
937,도서,나 너 좋아해,신순재 글;차정인 그림,돌베개어린이
938,도서,개구리네 한솥밥,백석 지음;유애로 그림,보림
939,도서,개구리네 한솥밥,백석 지음;유애로 그림,보림
940,도서,선인장 호텔,브렌다 기버슨 글;미간 로이드 그림,마루벌
941,도서,선인장 호텔,브렌다 기버슨 글;미간 로이드 그림,마루벌
942,도서,시리동동 거미동동,제주도꼬리따기노래;권윤덕 그림,창작과비평사
943,도서,시리동동 거미동동,제주도꼬리따기노래;권윤덕 그림,창작과비평사
944,도서,엄마 어디 있어요,이렌느 쉬바르츠 글;프레드릭 슈테어 그림,마루벌
945,도서,엄마 어디 있어요,이렌느 쉬바르츠 글;프레드릭 슈테어 그림,마루벌
946,도서,가족 1 2 3,정상경 [저],초방책방
947,도서,가족 1 2 3,정상경 [저],초방책방
948,도서,지하철 바다,황은아 글.그림,마루벌
949,도서,지하철 바다,황은아 글.그림,마루벌
950,도서,꼬마 발레리나 타냐,페트리샤 리 고흐 저;이치카와 사토미 그림,현암사
951,도서,꼬마 발레리나 타냐,페트리샤 리 고흐 저;이치카와 사토미 그림,현암사
952,도서,어디만큼 왔나?,조은수 글;최나미 그림,웅진씽크빅
953,도서,어디만큼 왔나?,조은수 글;최나미 그림,웅진씽크빅
954,도서,멍멍 의사 선생님,배빗 콜 지음;박찬순 옮김,보림출판사
955,도서,모기는 왜 귓가에서 앵앵거릴까?,버나 알디마 다시 씀;리오 딜런,보림
956,도서,모기는 왜 귓가에서 앵앵거릴까?,버나 알디마 다시 씀;리오 딜런,보림
957,도서,구룬파 유치원,니시우치 미나미 글;호리우치 세이치 그림,한림출판사
958,도서,구룬파 유치원,니시우치 미나미 글;호리우치 세이치 그림,한림출판사
959,도서,뛰어라 메뚜기,때마 세이조 글그림;정근 옮김,보림
960,도서,뛰어라 메뚜기,때마 세이조 글그림;정근 옮김,보림
961,도서,누가 내 머리에 똥 쌌어?,베르너 홀츠바르트 글;울프 에를브루흐 그림,사계절
962,도서,누가 내 머리에 똥 쌌어?,베르너 홀츠바르트 글;울프 에를브루흐 그림,사계절
963,도서,뽀끼뽀끼 숲의 도깨비,이호백 글;임선영 그림,재미마주
964,도서,뽀끼뽀끼 숲의 도깨비,이호백 글;임선영 그림,재미마주
965,도서,"야, 우리 기차에서 내려!",존 버닝햄 글·그림;박상희 옮김,비룡소
966,도서,"야, 우리 기차에서 내려!",존 버닝햄 글·그림;박상희 옮김,비룡소
967,도서,호랑이와 곶감,위기철 글;김환영 그림,국민서관
968,도서,호랑이와 곶감,위기철 글;김환영 그림,국민서관
969,도서,알록달록 동물원,로이스 엘러트 글·그림;문정윤 옮김,시공주니어
970,도서,알록달록 동물원,로이스 엘러트 글·그림;문정윤 옮김,시공주니어
971,도서,씨앗은 무엇이 되고 싶을까?,[김순한 글;김인경 그림],돌베게어린이
972,도서,엄마 마중,이태준 글;김동성 그림,소년한길
973,도서,엄마 마중,이태준 글;김동성 그림,소년한길
974,도서,열두 띠 동물 까꿍놀이,"최숙희 글, 그림",보림
975,도서,열두 띠 동물 까꿍놀이,"최숙희 글, 그림",보림
976,도서,아가야 울지마,오호선 글;유승하 그림,길벗어린이
977,도서,아가야 울지마,오호선 글;유승하 그림,길벗어린이
978,도서,순이와 어린동생,쓰쓰이 요리코 글;하야시 아키코 그림,한림출판사
979,도서,말썽꾸러기 또또,김성은 글;한병호 그림,길벗어린이
980,도서,말썽꾸러기 또또,김성은 글;한병호 그림,길벗어린이
981,도서,어떻게 잠을 잘까요,야브우치 마사유키,한림출판사
982,도서,어떻게 잠을 잘까요,야브우치 마사유키,한림출판사
983,도서,앵무새 열 마리,"퀸틴 블레이크 글, 그림;장혜린 옮김",시공주니어
984,도서,앵무새 열 마리,"퀸틴 블레이크 글, 그림;장혜린 옮김",시공주니어
985,도서,다음엔 너야,에른스트 얀들 글;노르만 융에 그림,비룡소
986,도서,장갑,에우게니 M. 라초프 그림;김중철 옮김,다산기획
987,도서,장갑,에우게니 M. 라초프 그림;김중철 옮김,다산기획
988,도서,은지와 푹신이,하야시 아키코 글.그림,한림
989,도서,은지와 푹신이,하야시 아키코 글.그림,한림
990,도서,손 큰 할머니의 만두 만들기,채인선 글;이억배 그림,재미마주
991,도서,손 큰 할머니의 만두 만들기,채인선 글;이억배 그림,재미마주
992,도서,표범의 얼룩무늬는 어떻게 생겨났을까?,루디야드 키플링 원작;송수정 그림,재미마주
993,도서,표범의 얼룩무늬는 어떻게 생겨났을까?,루디야드 키플링 원작;송수정 그림,재미마주
994,도서,자장자장 엄마 품에,임동권 글.감수;류재수 그림,한림출판사
995,도서,자장자장 엄마 품에,임동권 글.감수;류재수 그림,한림출판사
996,도서,"쏘피가 화나면 - 정말, 정말 화나면",몰리 뱅 글·그림;이은화 옮김,케이유니버스
997,도서,훨훨 간다,권정생 글;김용철 그림,국민서관
998,도서,훨훨 간다,권정생 글;김용철 그림,국민서관
999,도서,티치,팻 허친즈 글 그림;박현철 옮김,시공주니어
1000,도서,티치,팻 허친즈 글 그림;박현철 옮김,시공주니어
1001,도서,요셉의 작고 낡은 오버코트가...?,심스 태백 지음;김정희 옮김,베틀북
1002,도서,요셉의 작고 낡은 오버코트가...?,심스 태백 지음;김정희 옮김,베틀북
1003,도서,뿌리,히라야마 카즈코 글 그림;햇살과나무꾼 옮김,베틀북
1004,도서,뿌리,히라야마 카즈코 글 그림;햇살과나무꾼 옮김,베틀북
1005,도서,크릭터,토미 웅게러 그림/글;장미란 옮김,시공사
1006,도서,크릭터,토미 웅게러 그림/글;장미란 옮김,시공사
1007,도서,괴물들이 사는 나라,"모리스 샌닥 글, 그림;강무홍 옮김",시공주니어
1008,도서,괴물들이 사는 나라,"모리스 샌닥 글, 그림;강무홍 옮김",시공주니어
1009,도서,숲 속에서,"마리 홀 에츠 글,그림;박철주 옮김",시공주니어
1010,도서,숲 속에서,"마리 홀 에츠 글,그림;박철주 옮김",시공주니어
1011,도서,잃어버린 줄 알았어,고미 타로 지음;김난주 옮김,베틀북
1012,도서,잃어버린 줄 알았어,고미 타로 지음;김난주 옮김,베틀북
1013,도서,비오는 날의 소풍,가브리엘르 벵상 글.그림;김미선 옮김,시공주니어
1014,도서,비오는 날의 소풍,가브리엘르 벵상 글.그림;김미선 옮김,시공주니어
1015,도서,달님 안녕,"하야시 아키코 글,그림",한림출판사
1016,도서,달님 안녕,"하야시 아키코 글,그림",한림출판사
1017,도서,기러기,몰리 뱅 글.그림;이명희 옮김,마루벌
1018,도서,기러기,몰리 뱅 글.그림;이명희 옮김,마루벌
1019,도서,꼬마 돼지,아놀드 로벨 글·그림;엄혜숙 옮김,비룡소
1020,도서,꼬마 돼지,아놀드 로벨 글·그림;엄혜숙 옮김,비룡소
1021,도서,오늘은 우리집 김장하는 날,채인선 글;방정화 그림,보림
1022,도서,오늘은 우리집 김장하는 날,채인선 글;방정화 그림,보림
1023,도서,반쪽이,이미애 글;이억배 그림,보림
1024,도서,반쪽이,이미애 글;이억배 그림,보림
1025,도서,목욕은 싫어요,G.자이언 지음;임정재 옮김,언어세상
1026,도서,목욕은 싫어요,G.자이언 지음;임정재 옮김,언어세상
1027,도서,꿀꿀 돼지,김중철 엮음;최민오 그림,웅진닷컴
1028,도서,꿀꿀 돼지,김중철 엮음;최민오 그림,웅진닷컴
1029,도서,까치와 호랑이와 토끼,권문희 글;김중철 엮음,웅진닷컴
1030,도서,까치와 호랑이와 토끼,권문희 글;김중철 엮음,웅진닷컴
1031,도서,작은 기차,마거릿 와이즈 브라운 지음;레오 딜론,웅진닷컴
1032,도서,꼬마 공룡 모여라,버나드 모스트 글·그림;조병준 옮김,비룡소
1033,도서,꼬마 공룡 모여라,버나드 모스트 글·그림;조병준 옮김,비룡소
1034,도서,(말썽꾸러기를 위한)바른 생활 그림책,배빗 콜 지음;김향금 옮김,보림
1035,도서,(말썽꾸러기를 위한)바른 생활 그림책,배빗 콜 지음;김향금 옮김,보림
1036,도서,네가 무당벌레니?,주디 앨런 글;튜더 험프리스 그림,다섯수레
1037,도서,네가 무당벌레니?,주디 앨런 글;튜더 험프리스 그림,다섯수레
1038,도서,화물열차,도널드 크루즈 지음;박철주 옮김,시공주니어
1039,도서,화물열차,도널드 크루즈 지음;박철주 옮김,시공주니어
1040,도서,커다란 순무,알릭셰이 톨스토이 글;헬린 옥슨버리 그림,시공주니어
1041,도서,커다란 순무,알릭셰이 톨스토이 글;헬린 옥슨버리 그림,시공주니어
1042,도서,(과일과 채소로 만든)맛있는 그림책,주경호 지음,보림
1043,도서,(과일과 채소로 만든)맛있는 그림책,주경호 지음,보림
1044,도서,무엇이 무엇이 똑같을까?,이미애 글;한병호 그림,보림출판사
1045,도서,무엇이 무엇이 똑같을까?,이미애 글;한병호 그림,보림출판사
1046,도서,바빠요 바빠,윤구병 글;이태수 그림,보리
1047,도서,바빠요 바빠,윤구병 글;이태수 그림,보리
1048,도서,검피 아저씨의 뱃놀이,존 버닝햄 글.그림;이주령 옮김,시공주니어
1049,도서,검피 아저씨의 뱃놀이,존 버닝햄 글.그림;이주령 옮김,시공주니어
1050,도서,호랑이 잡은 피리,강무홍 글;김달성 그림,보림
1051,도서,도리도리 짝짜꿍,김세희 엮음;유애로 엮음,보림
1052,도서,도리도리 짝짜꿍,김세희 엮음;유애로 엮음,보림
1053,도서,우리 할아버지가 꼭 나만했을 때,주경호 인형으로 꾸밈,보림
1054,도서,우리 할아버지가 꼭 나만했을 때,주경호 인형으로 꾸밈,보림
1055,도서,태양으로 날아간 화살,제럴드 맥더멋 그림;김명숙 옮김,시공사
1056,도서,태양으로 날아간 화살,제럴드 맥더멋 그림;김명숙 옮김,시공사
1057,도서,한조각 두조각 세조각,김혜환 [지음],초방
1058,도서,한조각 두조각 세조각,김혜환 [지음],초방
1059,도서,함께 세어 보아요,미쯔마사 안노 글.그림;[마루벌 편집부 편역],마루벌
1060,도서,함께 세어 보아요,미쯔마사 안노 글.그림;[마루벌 편집부 편역],마루벌
1061,도서,돼지책,앤서니 브라운 글.그림;허은미 옮김,웅진주니어
1062,도서,돼지책,앤서니 브라운 글.그림;허은미 옮김,웅진주니어
1063,도서,엄마가 알을 낳았대!,배빗 콜 글.그림;고정아 옮김,보림
1064,도서,브루노를 위한 책,니콜라우스 하이델바흐 글ㆍ그림;김경연 옮김,풀빛
1065,도서,브루노를 위한 책,니콜라우스 하이델바흐 글ㆍ그림;김경연 옮김,풀빛
1066,도서,노란우산,류재수 그림;신동일 작곡,재미마주
1067,도서,노란우산,류재수 그림;신동일 작곡,재미마주
1068,도서,"응가하자, 끙끙",최민오 지음,보림
1069,도서,"응가하자, 끙끙",최민오 지음,보림
1070,도서,아기 세모의 세 번째 생일,필립 세들레츠스키 저;최윤정 역,파랑새어린이
1071,도서,아기 세모의 세 번째 생일,필립 세들레츠스키 저;최윤정 역,파랑새어린이
1072,도서,"잘 자요,달님",마거릿 와이즈 브라운 글;클레먼트 허드 그림,시공주니어
1073,도서,견우 직녀,이미애 글;유애로 그림,보림
1074,도서,견우 직녀,이미애 글;유애로 그림,보림
1075,도서,개와고양이,유승하.최호철 그림;김중철 엮음,웅진닷컴
1076,도서,개와고양이,유승하.최호철 그림;김중철 엮음,웅진닷컴
1077,도서,고릴라,앤서니 브라운 글.그림;장은수 옮김,비룡소
1078,도서,고릴라,앤서니 브라운 글.그림;장은수 옮김,비룡소
1079,도서,피터의 의자,에즈러 잭 키츠 글.그림;이진영 옮김,시공주니어
1080,도서,피터의 의자,에즈러 잭 키츠 글.그림;이진영 옮김,시공주니어
1081,도서,해님달님,송재찬 글;이종미 그림,국민서관
1082,도서,해님달님,송재찬 글;이종미 그림,국민서관
1083,도서,느낄 수 있어요,파라몽 편;박선준 옮김,현암사
1084,도서,달님이 본것은？,브라이언 와일드스미스 글.그림;우순교 옮김,보림
1085,도서,"어, 내 표범팬티 어디갔지?",재미마주 [편];이강화 그림,길벗어린이
1086,도서,"어, 내 표범팬티 어디갔지?",재미마주 [편];이강화 그림,길벗어린이
1087,도서,엄마가 좋아,마도 미치오 지음;마지마 세스코 그림,한림출판사
1088,도서,똥벼락,김회경 지음;조혜란 그림,사계절출판사
1089,도서,똥벼락,김회경 지음;조혜란 그림,사계절출판사
1090,도서,놀다보면 과학을 발견해요,재니스 반클리브 지음;스탄 투산 그림,미래M＆B
1091,도서,놀다보면 과학을 발견해요,재니스 반클리브 지음;스탄 투산 그림,미래M＆B
1092,도서,놀다보면 수학을 발견해요,재니스 반클리브 지음;미셸 니데노프 그림,미래엠앤비
1093,도서,놀다보면 수학을 발견해요,재니스 반클리브 지음;미셸 니데노프 그림,미래엠앤비
1094,도서,"나처럼 해봐요, 요렇게!",밝남희 인형 놀이 구성;방정화 그림,보림
1095,도서,"나처럼 해봐요, 요렇게!",밝남희 인형 놀이 구성;방정화 그림,보림
1096,도서,헨리는 피치버그까지 걸어서 가요,D. B. 존슨 글·그림;김서정 옮김,달리
1097,도서,헨리는 피치버그까지 걸어서 가요,D. B. 존슨 글·그림;김서정 옮김,달리
1098,도서,곰 사냥을 떠나자,마이클 로젠 글;헬린 옥슨버리 그림,시공사
1099,도서,곰 사냥을 떠나자,마이클 로젠 글;헬린 옥슨버리 그림,시공사
1100,도서,누구야 누구,심조원 글;권혁도 그림,보리
1101,도서,누구야 누구,심조원 글;권혁도 그림,보리
1102,도서,옛날에 생쥐 한 마리가 있었는데,마샤 브라운 그림;엄혜숙 옮김,열린어린이
1103,도서,숫자랑 놀자,마생 글·그림;홍성혜 옮김,마루벌
1104,도서,도리도리 짝짜꿍,정순희 그림,다섯수레
1105,도서,오리처럼 뒤뚱뒤뚱,엄혜숙 글;정순희 그림,다섯수레
1106,도서,오리처럼 뒤뚱뒤뚱,엄혜숙 글;정순희 그림,다섯수레
1107,도서,"어디 있니, 까꿍!",구전 놀이 노래;다섯수레 편집부 편,다섯수레
1108,도서,동동 아기오리,권태응 시;김성민 그림,다섯수레
1109,도서,동동 아기오리,권태응 시;김성민 그림,다섯수레
1110,도서,개똥벌레 똥똥,전래동요;권문희 그림,다섯수레
1111,도서,개똥벌레 똥똥,전래동요;권문희 그림,다섯수레
1112,도서,왜가리야 어디 가니,박경종 시;유진희 그림,다섯수레
1113,도서,왜가리야 어디 가니,박경종 시;유진희 그림,다섯수레
1114,도서,엄마 뽀뽀,이진아 그림;이창호 사진,웅진출판
1115,VIDEO,디즈니10종세트,,월트디즈니
1116,도서,사과가 쿵!,다다 히로시 지음;정근 옮김,보림
1117,도서,노부영3종세트(CD포함),,노부영
1118,VIDEO,콩순이는못말려,,대교어린이TV
1119,도서,커다란사진책,,깊은책속옹달샘
1120,VIDEO,샬롯의거미줄,,아트서비스
1121,도서,누구그림자일까?,최숙희,보림출판사
1122,도서,우리엄마,앤서니브라운,웅진주니어
1123,도서,우리는친구,앤서니브라운,웅진주니어
1124,도서,이건막대가아니야,앙트와네트포티스,베틀.북
1125,도서,잠자기싫어요,안나카살라스,키득키득
1126,도서,밥먹기싫어요,안나카살라스,키득키득
1127,도서,삐뽀삐뽀 불자동차,정하섭 글 / 한병호 그림,비룡소
1128,도서,사랑과 감동을 주는 이야기9 : 크리스마스 캐롤,찰스 디킨스 원작 / 이규희 글 / 이미정 그림,한국헤밍웨이
1129,도서,신나는 모험을 떠나는 이야기2 : 꿀벌 마야의 모험,발데마르 본젤스 원작 / 이림 글 / 신지원 그림,한국헤밍웨이
1130,도서,신나는 모험을 떠나는 이야기3 : 보물섬,로버트 스티븐슨 원작 / 안선모 글 / 문종성 그림,한국헤밍웨이
1131,도서,신나는 모험을 떠나는 이야기6 : 닐스의 신기한 여행,라게를뢰프 원작 / 이림 글 / 황성혜 그림,한국헤밍웨이
1132,도서,쉬운책시리즈1-2 : 지금 무슨 시간이지요,,새세대육영회
1133,도서,쉬운책 시리즈3-1 :물그림은 어디로 갔을까,,새세대육영회
1134,도서,쉬운책 시리즈3-2 : 팝콘을 만들자,,새세대육영회
1135,도서,쉬운책 시리즈3-3 : 소리의 요정,,새세대육영회
1136,도서,이솝이야기3-4 만족 : 농부와 암탉,최혜영 글 / 이경아 그림,한국어린이육영회
1137,VIDEO,삼국지1 영웅들의 여명,,비엠코리아
1138,도서,용기와 희망을 주는 이야기9 : 로빈슨 크루소,대니얼 디포 원작 / 조항록 글 / 박주원 그림,한국헤밍웨이
1139,도서,8단계 모험쿵쿵5 : 신비한 바다 속 친구 해마,스텔라 블랙스톤 글 / 클라레 벳톤 그림 / 이진 옮김,한국헤밍웨이
1140,도서,겁쟁이 빌리,앤터니 브라운 글.그림 / 김경미 옮김,비룡소
1141,도서,과학은 내친구 : 으웩과 뿌지직,모우리 타네키 글/나카노 히로타카 그림/ 박숙경 옮김,한림출판사
1142,도서,과학은 내친구 : 벌거숭이 벌거숭이,야규 겐이치로 글.그림 / 이영준 옮김,한림출판사
1143,도서,거인 아저씨 배꼽은 귤 배꼽이래요,후카미 하루오 글.그림 / 이영준 옮김,한림출판사
1144,도서,놀라운 동물.식물5 : 아기새 꾸루 이야기,최홍순 글 / 정춘영 그림,두산동아
1145,도서,냠냠냠 맛있는 음식27 : 바사삭 왕자와 사르르 공주,임정진 글 / 한주연 그림,두산동아
1146,도서,냠냠냠 맛있는 음식29 : 쌀 도령과 지푸라기 낭자,임정진 글 / 정춘영 그림,두산동아
1147,도서,냠냠냠 맛있는 음식30 : 도깨비들의 김치 잔치,임정진 글 / 심수근 그림,두산동아
1148,도서,빠르고 편리한 생활31 : 나귀 마을의 자동차왕,이광웅 글 / 김성영 그림,두산동아
1149,도서,빠르고 편리한 생활41 : 소리 요정들의 결혼 행진곡,이광웅 글 / 하상철 그림,두산동아
1150,도서,한국우수 전래동화15,조항록 글 / 낙송재 그림,한국헤밍웨이
1151,도서,한국우수 전래동화16 : 형님 황소,김주현 글 / 김숙희 그림,한국헤밍웨이
1152,도서,한국우수 전래동화21 : 자린고비,김주현 글 / 김태란 그림,한국헤밍웨이
1153,도서,한국우수 전래동화26 : 소가 된 게으름뱅이,신현배 글 / 전병준 그림,한국헤밍웨이
1154,도서,한국우수 전래동화42 : 개와 고양이,조항록 글 / 이춘길 그림,한국헤밍웨이
1155,도서,한국우수 전래동화46 : 은혜 같은 꿩,김현애 글 / 하상철 그림,한국헤밍웨이
1156,도서,한국우수 전래동화47 : 좁쌀 한 톨,배효정 글 / 김순금 그림,한국헤밍웨이
1157,도서,한국우수 전래동화48 : 사윗감 찾아 나선 쥐,배효정 글 / 한갑수 그림,한국헤밍웨이
1158,도서,2단계 공간 : 내가 왜 이러죠?,양혜정 글 / 김소영 그림,한국헤밍웨이
1159,도서,"놀이책 : 개구리야, 많이 먹어",호박별 글 / 연제혜 그림,한국헤밍웨이
1160,도서,놀이책 : 알록 달록 끼리리,호박별 글 / 이주영 그림,한국헤밍웨이
1161,도서,2단계 언어 : 무얼 그릴까요?,신원 글 / 고순정 그림,한국헤밍웨이
1162,도서,2단계 탐구 : 해님 달님의 숨바꼭질,조은혜 글 / 이윤하 그림,한국헤밍웽
1163,도서,2단계 탐구 : 세상에서 가장 멋진 친구,한고운 글 / 옥소정 그림,한국헤밍웨이
1164,도서,2단계 사랑달콩1 : 빈둥거리는 아기오리,토니 버제오 글 / 마거릿 슈펭글러 그림 / 서이영 옮김,한국헤밍웨이
1165,도서,2단계 사랑달콩7 : 장난꾸러기 고양이,베다니 로버트 글 /R.W. 앨리 그림 /배지희 옮김,한국헤밍웨이
1166,도서,3단계 생각쑥쑥5 : 친구 집에서 같이 잘래요,프리데룬 라이헨슈테터 글 / 베티나 고첸베크 그림 / 박환일 옮김,한국헤밍웨이
1167,도서,3단계 생각쑥쑥7 : 방귀벌레 루이스,수잔 미들톤 엘리아 글 / 에릭 브레이스 그림,한국헤밍웨이
1168,도서,3단계 생각쑥쑥8 : 괴물 사냥,토마스 피옹 글.그림 / 김현주 옮김,한국헤밍웨이
1169,도서,4단계 지혜솔솔5 : 양배추 밭을 넘보는 여우,디즈 웰리스 글.그림 / 이은숙 옮김,한국헤밍웨이
1170,도서,6단계 재미팡팡4 : 해결사 꼬마 질,루시 파피노 글 / 스티브 베시와티 그림 / 김현주 옮김,한국헤밍웨이
1171,도서,7단계 눈이번뜩5 : 위험한 축제,프랑스와 뤼이어 글/ 안 로카르 그림/ 배지희 옮김,한국헤밍웨이
1172,도서,7단계 눈이번뜩7 : 왕자님을 웃겨라,알렉사 슈타인브렌너 글 / 지크리트 그레고르 그림 / 서순승 옮김,한국헤밍웨이
1173,도서,떼굴떼굴 장난감,이진아 그림;이창호 사진,웅진출판
1174,도서,아빠하고 나하고,다섯수레 글·구성;김성민 그림,다섯수레
1175,도서,떼굴떼굴 장난감,이진아 그림;이창호 사진,웅진출판
1176,VIDEO,톰과 제리 2,,
1177,도서,넌 누구니?,엄혜숙 글;이억배 그림,다섯수레
1178,도서,가나다,엄혜숙 글;한지희 그림,다섯수레
1179,도서,냠냠 쩝쩝 맛있게,이진아 그림;이창호 사진,웅진출판
1180,도서,어디 숨었지,이태수 세밀화;유진희 그림,보리
1181,도서,호호 매워,이태수 세밀화;서은영 그림,보리
1182,도서,주세요 주세요,[보리출판사 편집부 편];이태수,보리
1183,도서,꽃 속에 숨었지,도토리 기획 편집;이태수,보리
1184,도서,고사리손 요리책,배영희 지음;정유정 그림,길벗어린이
1185,도서,손이 나왔네,하야시 아키코 글·그림;이영준 옮김,한림출판사
1186,도서,파랑이와 노랑이,레오 리오니 글·그림;이경혜 옮김,파랑새어린이
1187,도서,짠~ 까꿍놀이,"기무라 유이치 글, 그림;김미형 옮김",웅진닷컴
1188,도서,멍멍 의사 선생님,배빗 콜 지음;박찬순 옮김,보림출판사
1189,도서,씨앗은 무엇이 되고 싶을까?,[김순한 글;김인경 그림],돌베게어린이
1190,도서,다음엔 너야,에른스트 얀들 글;노르만 융에 그림,비룡소
1191,도서,작은 기차,마거릿 와이즈 브라운 지음;레오 딜론,웅진닷컴
1192,도서,두드려 보아요,안나 클라라 티톨름 글·그림;[사계절 편집부 편역],사계절
1193,도서,호랑이 잡은 피리,강무홍 글;김달성 그림,보림
1194,도서,엄마가 알을 낳았대!,배빗 콜 글.그림;고정아 옮김,보림
1195,도서,"잘 자요,달님",마거릿 와이즈 브라운 글;클레먼트 허드 그림,시공주니어
1196,도서,느낄 수 있어요,파라몽 편;박선준 옮김,현암사
1197,도서,달님이 본것은？,브라이언 와일드스미스 글.그림;우순교 옮김,보림
1198,도서,싹싹싹,하야시 아키코 지음;이영준 옮김,한림출판사
1199,도서,엄마가 좋아,마도 미치오 지음;마지마 세스코 그림,한림출판사
1200,도서,도리도리 짝짜꿍,정순희 그림,다섯수레
1201,VIDEO,인어공주,,미래정보미디어
